Model,Accuracy,Precision,Recall,F1-Score
Random Forest,0.9666666666666667,0.9696969696969697,0.9666666666666667,0.9665831244778612
Logistic Regression,0.9333333333333333,0.9333333333333332,0.9333333333333332,0.9333333333333332
Decision Tree,0.9333333333333333,0.9333333333333332,0.9333333333333332,0.9333333333333332
