userId,movieId,rating,timestamp
1,204,3.5,1668090664
1,267,4.0,1668412668
1,153,5.0,1671449442
1,10,2.5,1665746104
1,234,1.5,1675554415
1,227,2.5,1640237208
1,197,2.0,1663739005
1,110,4.5,1602232974
1,6,2.5,1649440148
1,176,2.5,1644458225
1,238,2.5,1614710878
1,58,4.0,1655907088
1,219,2.0,1678343175
1,46,4.0,1641295819
1,183,3.5,1684457912
1,222,2.5,1603576520
1,290,2.0,1680115852
1,212,2.0,1663698420
1,149,4.0,1635638891
1,166,3.5,1687991930
1,79,4.0,1677641510
1,114,4.0,1677528776
1,250,3.0,1630540334
1,251,2.0,1606892773
1,105,4.5,1678319168
1,43,3.5,1664484744
1,282,4.0,1622885741
1,296,4.5,1670361272
1,158,2.5,1684426338
1,239,3.5,1683179531
1,18,4.0,1651028283
1,165,2.0,1619834119
1,34,3.0,1632507072
1,25,3.0,1604237322
1,216,2.5,1676849080
1,120,3.5,1614749927
1,8,3.5,1625606639
1,91,2.5,1602541730
1,47,4.5,1659195194
1,74,3.5,1642103092
1,94,3.0,1656207740
1,77,2.5,1620324759
1,287,1.5,1655426567
1,61,1.5,1627365878
1,78,3.5,1655079923
1,64,2.0,1667353073
1,235,3.5,1682071195
1,230,2.0,1663297813
1,112,1.0,1608359252
1,232,4.0,1618533117
1,181,3.0,1669616482
1,145,2.5,1627828932
1,240,2.0,1675280948
1,76,2.5,1643627409
1,298,4.0,1688882576
1,279,2.5,1664205866
1,98,3.0,1670528349
1,93,1.5,1650576565
1,193,5.0,1642111160
1,26,5.0,1623244151
1,233,3.5,1661694994
1,60,5.0,1671555103
1,7,2.5,1645946354
2,198,3.0,1681883092
2,172,3.0,1664985553
2,209,2.5,1625805259
2,259,3.0,1633087238
2,206,4.0,1637447604
2,169,4.0,1674905122
2,258,3.0,1640063879
2,214,4.0,1630181142
2,85,3.0,1639945150
2,251,3.0,1638789478
2,50,3.5,1627820354
2,121,2.0,1665632882
2,87,2.0,1642552488
2,148,2.0,1664398125
2,187,3.0,1646815569
2,22,3.0,1675227370
2,64,2.5,1636702849
2,281,1.0,1638626436
2,60,2.5,1616357665
2,242,2.0,1676970753
2,131,3.5,1672905845
2,207,2.0,1650961690
2,265,4.5,1652953249
2,150,4.5,1646323191
2,82,2.5,1619659692
2,59,3.5,1638983895
2,66,3.0,1605646068
2,88,3.5,1638605090
2,289,3.0,1610607151
2,155,2.5,1646488123
2,40,3.5,1659374716
2,149,3.5,1688043078
2,282,4.0,1634419327
2,167,3.0,1664300930
2,196,2.0,1628720823
2,119,2.0,1627121108
2,132,5.0,1672286705
2,264,2.5,1636390817
2,156,3.0,1675432781
2,41,4.0,1636456416
2,249,3.0,1618424464
2,208,3.5,1614660143
2,26,3.5,1682634772
2,73,4.0,1678763056
2,68,3.0,1632115895
2,51,1.5,1632542167
2,276,4.5,1606813620
2,285,3.0,1689903592
2,55,1.5,1671275182
2,283,4.0,1630289135
2,125,1.0,1685623471
2,205,4.5,1631250794
2,78,2.5,1607045237
3,245,3.5,1663404979
3,102,2.0,1613494908
3,231,2.0,1618450513
3,240,3.5,1600695441
3,287,2.0,1673867070
3,80,3.5,1621198492
3,271,2.0,1654614193
3,267,2.0,1687629787
3,129,3.0,1663847325
3,282,2.5,1664082055
3,16,1.5,1687313825
3,89,1.5,1626770527
3,105,3.0,1638553376
3,117,1.5,1643106399
3,222,3.5,1638307798
3,286,3.0,1686690951
3,186,3.0,1607940667
3,45,2.0,1612007214
3,280,2.0,1687550053
3,298,3.0,1677058874
3,110,3.5,1631168067
3,114,2.5,1671826922
3,251,2.5,1605006085
3,57,3.0,1623496796
3,206,3.5,1656087572
3,228,2.5,1623593960
3,194,2.0,1604877451
3,120,3.5,1653283709
3,106,2.5,1666489301
3,159,3.0,1625006323
3,54,1.5,1638851599
3,173,3.0,1605028625
3,174,2.0,1601243818
3,41,3.5,1640049524
3,43,2.0,1676230551
3,87,2.0,1680904160
3,135,3.0,1614401654
3,2,2.5,1644968591
3,104,4.5,1638193218
3,82,2.0,1660981700
3,156,2.5,1686075494
3,268,4.5,1672920556
3,88,2.0,1670372842
3,58,2.0,1666291802
3,125,2.0,1618012011
3,176,1.5,1667674279
3,171,3.5,1662816684
3,27,3.0,1636619573
3,97,2.0,1625878707
3,91,1.0,1615119192
3,189,1.5,1644383668
3,29,4.0,1621809610
3,147,3.0,1661594457
3,248,3.5,1687011385
3,52,3.5,1634529507
3,81,2.0,1624991216
3,205,5.0,1601890348
3,71,4.0,1645246430
3,243,2.0,1639597485
3,158,1.0,1676206305
3,223,2.5,1625925669
3,200,3.0,1623554528
4,278,3.5,1669159799
4,28,4.0,1644013571
4,50,1.5,1611641746
4,77,2.5,1653798927
4,157,2.0,1689826000
4,221,3.0,1612802372
4,38,3.0,1624800912
4,121,2.0,1618872606
4,90,3.0,1664082804
4,6,2.5,1643433080
4,136,2.5,1633292316
4,187,1.5,1600916723
4,225,3.0,1635002007
4,179,3.5,1651482483
4,190,3.0,1631611127
4,160,2.5,1659959826
4,63,2.0,1635835371
4,118,2.0,1644241559
4,281,5.0,1640526484
4,110,4.5,1678176558
4,238,2.0,1676890296
4,65,2.5,1601534878
4,292,2.5,1635105069
4,155,4.0,1687735896
4,268,4.0,1648258264
4,260,3.5,1631715995
4,141,2.0,1608338186
4,91,2.5,1689628735
4,68,1.0,1615867870
4,52,2.5,1662464258
4,133,4.0,1641178850
4,276,2.5,1621436829
4,174,2.0,1654414096
4,213,3.5,1667447155
4,206,3.0,1641738753
4,1,2.0,1615759274
4,252,1.0,1685726382
4,253,2.0,1639599276
4,123,4.5,1649330907
4,283,4.0,1682493631
4,237,4.5,1629641883
4,116,1.5,1629410942
4,180,2.0,1617927298
4,296,3.0,1664180488
4,272,3.0,1620560218
4,245,3.0,1661066203
4,181,3.5,1681300905
4,231,3.0,1650147077
4,58,4.0,1655813853
4,176,4.0,1673717007
4,139,3.0,1663193474
4,273,3.5,1672144402
4,167,3.5,1689133246
4,66,4.5,1629314711
4,30,2.0,1633214247
4,204,3.0,1679968863
4,125,2.5,1610988446
4,142,3.0,1670532309
4,244,2.0,1659961498
4,261,3.0,1670890196
4,191,4.0,1648557943
4,184,3.0,1610482769
4,199,3.5,1675721444
4,207,2.5,1615060409
4,156,3.5,1608289024
4,13,1.5,1673504237
4,265,2.5,1667845324
4,220,3.5,1627133023
4,254,4.0,1676866717
4,84,1.5,1672029307
4,183,4.0,1620112846
4,159,3.0,1622083803
4,43,3.0,1644039203
4,214,3.0,1669839059
5,78,1.5,1678268756
5,10,2.5,1665609379
5,200,1.0,1612205980
5,69,3.0,1668501420
5,68,2.5,1659791674
5,16,4.5,1607467311
5,98,4.0,1660858653
5,38,1.5,1617709269
5,89,2.0,1668886959
5,279,4.0,1655757342
5,171,4.0,1661310453
5,252,3.5,1675686878
5,65,3.5,1607749299
5,105,2.5,1675000490
5,170,4.0,1662059365
5,292,3.5,1641361818
5,223,2.5,1602921981
5,48,3.0,1653143336
5,205,3.0,1634152669
5,67,2.0,1600404729
5,154,2.5,1629246218
5,132,2.0,1677619624
5,66,2.5,1609801857
5,284,2.0,1606078694
5,249,2.5,1656867700
5,113,3.0,1646241881
5,182,2.0,1608557710
5,275,2.5,1672633735
5,5,2.5,1608087373
5,52,3.0,1609263592
5,218,2.5,1663360324
5,43,3.5,1604259382
5,112,1.0,1638532662
5,23,5.0,1654877191
5,30,2.0,1624156684
5,128,4.0,1618176954
5,267,2.5,1686104027
5,191,3.0,1686688655
5,81,3.0,1656420024
5,155,2.0,1650259293
5,57,3.5,1651335545
5,256,2.5,1660201634
5,40,3.0,1650666702
5,149,2.0,1650418290
5,250,3.5,1610770971
5,198,4.0,1688824290
6,116,2.5,1623954324
6,155,3.5,1672109613
6,230,3.5,1652755436
6,297,3.5,1670980044
6,264,3.5,1617092236
6,33,3.0,1629888974
6,152,2.0,1600466177
6,181,4.5,1603051483
6,86,2.5,1640045602
6,114,3.0,1662143331
6,279,4.0,1673074216
6,29,2.0,1656925500
6,283,3.5,1671394920
6,240,2.5,1650905625
6,292,3.5,1630824989
6,238,3.0,1633220503
6,135,2.5,1661824078
6,241,3.5,1646460773
6,214,3.5,1620820038
6,183,3.0,1636997080
6,205,2.5,1625297417
6,66,2.5,1615145751
6,4,1.5,1604324134
6,14,3.5,1688610233
6,179,2.0,1656269520
6,134,3.5,1682533595
6,81,3.5,1602099943
6,290,3.0,1632301683
6,260,2.5,1627659807
6,38,3.0,1609031632
6,96,2.5,1613542127
6,127,1.0,1679717834
6,200,2.5,1604506531
6,149,2.5,1659920305
6,131,1.5,1680233330
7,158,3.0,1605937353
7,198,2.5,1653991141
7,242,1.5,1658916591
7,174,3.5,1631452485
7,72,2.5,1672445335
7,271,5.0,1629161379
7,24,3.5,1607575790
7,142,2.5,1618808678
7,93,2.5,1667631755
7,128,2.5,1638824283
7,297,2.5,1631428626
7,41,5.0,1677324220
7,163,3.0,1642802529
7,45,2.5,1677507357
7,57,2.5,1680251151
7,102,3.5,1643038943
7,76,1.5,1631796721
7,6,3.0,1640502136
7,66,2.0,1619228089
7,54,3.0,1688612211
7,121,3.0,1669961132
7,20,1.0,1629667854
7,255,4.0,1655507111
7,251,4.0,1640332555
7,67,2.0,1636930534
7,261,3.0,1608181595
7,200,1.5,1674721440
7,140,3.0,1679412216
7,33,3.5,1623505978
7,31,3.0,1684019376
7,275,2.0,1657337891
7,223,2.5,1674605013
7,134,4.5,1666521096
7,9,4.0,1606292676
7,146,2.5,1646226575
7,282,4.5,1686344420
7,225,1.5,1651157708
7,175,3.0,1670392240
7,90,4.0,1642779814
7,204,4.0,1655878146
7,238,3.0,1654795619
7,284,2.0,1620027648
7,115,1.5,1640250352
7,185,1.5,1650527631
7,35,1.0,1624679818
7,222,3.0,1672199509
7,4,2.5,1663554620
7,162,4.0,1632342202
7,161,3.5,1630245233
7,283,3.5,1640364158
7,70,3.5,1619374563
8,10,2.0,1655902739
8,56,2.5,1674797762
8,166,2.5,1671134297
8,244,3.5,1617997624
8,141,2.5,1652132722
8,214,3.5,1632595918
8,291,3.5,1634224936
8,54,2.5,1627291394
8,29,4.0,1644327148
8,37,2.0,1686799390
8,146,4.0,1610612653
8,45,3.0,1660369365
8,64,2.5,1649805178
8,202,2.5,1612410307
8,67,4.0,1671891784
8,145,4.5,1625566010
8,273,4.5,1606917129
8,225,3.0,1636032304
8,193,1.5,1650622628
8,105,2.5,1681197624
8,194,1.0,1680922827
8,173,3.0,1605307982
8,24,3.0,1609768947
8,176,2.0,1625254849
8,294,2.0,1678864147
8,108,2.5,1675007641
8,151,1.5,1629127464
8,53,2.5,1664343201
8,224,3.5,1628036618
8,204,2.5,1644689713
8,91,2.0,1640693207
8,237,1.0,1602058055
8,300,3.5,1628428357
8,197,2.0,1625504548
8,256,5.0,1615745913
8,156,3.5,1664279671
8,282,4.0,1632560305
8,240,2.0,1681121400
8,263,4.0,1627449289
8,83,3.5,1653235053
8,39,2.0,1632122457
8,77,2.5,1674098828
8,129,2.0,1643166435
8,274,3.0,1637991562
8,210,2.5,1651091554
8,126,4.0,1662579077
8,124,3.0,1671625307
8,90,2.0,1687069904
8,235,2.5,1648219001
8,247,2.5,1641395738
8,96,3.5,1635106207
8,15,4.0,1648270683
8,75,3.0,1668829070
8,172,3.5,1666743428
8,231,3.0,1662546007
8,253,3.0,1613234972
8,219,4.0,1663013937
8,209,2.0,1642980983
8,286,2.5,1627263310
8,158,1.0,1649755172
8,207,3.5,1641999682
8,136,2.5,1655556767
8,223,3.0,1606135823
8,18,3.0,1675500790
8,78,2.5,1629698906
8,183,1.5,1619585415
8,149,1.5,1602176998
8,157,1.0,1635000508
8,52,2.0,1674264220
8,35,4.5,1678387434
8,283,2.5,1677731247
8,62,1.0,1656046380
9,203,3.5,1630872577
9,288,3.0,1650981231
9,16,2.5,1676475853
9,58,3.5,1632981324
9,238,3.5,1667015110
9,97,3.5,1673905989
9,294,2.0,1687859993
9,145,3.5,1645307111
9,224,3.5,1634537812
9,102,4.0,1665581613
9,165,2.5,1686126771
9,138,2.5,1665846624
9,9,2.0,1661851421
9,266,3.0,1622579937
9,74,4.0,1647268285
9,157,3.0,1622718459
9,129,3.0,1618784915
9,197,5.0,1673356206
9,159,2.5,1665540707
9,199,2.0,1624702473
9,209,2.5,1672764376
9,14,3.5,1686142207
9,269,4.0,1607882882
9,115,1.0,1670322629
9,80,3.5,1604539747
9,230,5.0,1609976458
9,204,2.0,1689686372
9,25,4.0,1606511491
9,223,3.0,1600856822
9,110,3.0,1655350347
9,299,1.5,1618453800
9,242,2.5,1684651342
9,70,3.5,1631062464
9,33,3.5,1609122502
9,179,3.0,1620270856
9,228,2.5,1601226946
9,85,1.5,1629356057
9,214,2.0,1667878323
9,128,2.0,1661204580
9,60,2.0,1650090149
9,247,2.5,1608113477
9,185,2.5,1682924441
9,52,2.5,1685594482
9,170,3.5,1689490304
9,20,3.0,1682747827
9,123,1.5,1664854563
9,140,2.0,1688487646
9,66,5.0,1665478707
9,217,3.0,1602111482
9,212,3.0,1600887495
9,246,4.5,1671432350
9,200,3.5,1674040345
9,264,5.0,1655208920
9,130,3.5,1601590610
9,61,1.0,1602244945
9,234,5.0,1671057233
9,258,3.0,1636875077
9,89,2.0,1671905550
9,279,3.0,1638478684
9,95,2.0,1602300840
9,54,2.0,1667406294
9,36,4.0,1657790557
10,34,3.0,1670381817
10,273,3.5,1619984682
10,221,3.0,1632342289
10,123,3.0,1625760684
10,266,3.5,1683185576
10,261,1.0,1670659726
10,63,2.0,1633878996
10,86,3.0,1647572279
10,1,3.5,1635879718
10,181,2.5,1653270536
10,283,2.0,1610605783
10,93,2.0,1650070135
10,237,3.5,1654496076
10,148,2.5,1661605634
10,20,2.5,1675833309
10,216,3.0,1632642810
10,40,1.0,1630314047
10,244,5.0,1640261914
10,67,2.0,1610820219
10,85,3.0,1687742922
10,178,1.0,1687227356
10,254,2.5,1604252622
10,207,3.5,1612549425
10,39,1.0,1654395532
10,78,3.5,1650903955
10,245,2.5,1650622842
10,293,3.0,1674182331
10,115,4.0,1663888323
10,238,4.0,1607531619
10,76,2.0,1685462880
10,263,2.5,1601268380
10,19,2.5,1623002714
11,161,1.5,1686557984
11,108,3.5,1644462389
11,198,2.5,1675947990
11,60,2.0,1612799248
11,157,4.0,1670888325
11,253,2.5,1605711200
11,178,3.0,1630838737
11,129,2.5,1628375916
11,130,3.0,1676072480
11,211,2.0,1663820568
11,79,3.5,1636385762
11,269,3.0,1606249441
11,11,3.0,1609978827
11,158,1.5,1637631028
11,106,4.0,1672884346
11,292,2.5,1675633013
11,291,3.0,1688329927
11,274,2.5,1604416002
11,45,3.0,1624072553
11,172,3.0,1642209421
11,37,1.0,1602101593
11,152,3.0,1627804291
11,21,4.0,1678790652
11,42,3.0,1619353063
11,156,2.0,1653458386
11,214,3.0,1610326375
11,233,3.5,1640168264
11,280,3.0,1621803703
11,236,2.5,1675693188
11,277,2.5,1632275631
11,107,2.5,1676060638
11,205,3.0,1652231715
11,273,1.5,1672553061
11,55,2.5,1644524025
11,177,5.0,1651518966
11,264,4.0,1618783850
11,160,1.5,1610526386
11,119,1.5,1667215278
11,285,3.5,1646420476
11,159,4.0,1607207013
11,71,1.0,1613111164
11,142,2.5,1658664992
11,110,2.0,1631157840
11,35,3.5,1610202996
11,230,1.5,1645713584
11,34,2.5,1681224373
11,203,2.5,1682391596
11,165,4.5,1679941241
11,77,4.0,1653244581
11,98,2.0,1643805532
11,193,3.5,1603976288
11,297,2.5,1685110541
11,173,3.5,1636685332
11,90,2.5,1660471823
11,171,3.5,1665847681
11,26,3.0,1630620216
11,18,5.0,1647756170
11,252,2.5,1674227466
11,281,3.0,1650388958
11,93,2.0,1657961650
11,125,2.5,1624929311
11,145,1.0,1678634827
11,238,3.0,1688673882
11,258,4.5,1651012496
11,225,3.0,1611501669
11,105,1.5,1683029219
11,186,3.0,1639645162
11,8,1.0,1633077929
11,94,3.5,1609865900
11,163,2.5,1611010955
11,270,2.5,1635966597
11,29,2.5,1620699187
11,176,4.0,1651002735
11,92,2.5,1685080736
11,247,3.0,1620706693
12,132,5.0,1612283664
12,114,4.0,1600697290
12,269,2.5,1641374957
12,24,4.0,1659691437
12,182,2.0,1648307308
12,257,3.0,1636207439
12,50,2.5,1613721268
12,34,3.0,1617784789
12,288,3.5,1611716836
12,215,3.0,1625151299
12,41,4.5,1657845091
12,101,2.5,1660242778
12,14,2.5,1674757265
12,105,1.0,1674455942
12,217,3.0,1668778646
12,262,3.5,1654766762
12,154,3.5,1613863742
12,251,2.5,1603524813
12,276,2.5,1612028437
12,5,2.5,1647501571
12,133,2.0,1674386123
12,84,3.0,1612490873
12,255,3.0,1680117857
12,37,3.0,1680268079
12,102,2.5,1643544301
12,189,2.5,1651705758
12,275,3.5,1601656329
12,106,2.5,1639171088
12,286,4.0,1655540647
12,250,1.5,1652049575
12,186,1.5,1611368176
12,121,3.0,1675099723
12,27,3.0,1632580349
13,35,2.0,1622750139
13,247,2.0,1618634797
13,33,3.0,1636093692
13,23,2.5,1640417154
13,172,1.0,1636024950
13,135,1.0,1666185975
13,227,2.0,1619587040
13,129,3.0,1608491573
13,83,1.0,1622442197
13,103,2.0,1658341261
13,262,2.0,1637038975
13,67,3.5,1656519399
13,1,2.5,1640232066
13,2,3.0,1664992426
13,140,3.5,1610324210
13,91,1.0,1648469365
13,261,3.0,1633782566
13,234,3.5,1633096758
13,277,3.0,1683890601
13,272,5.0,1666545476
13,249,1.0,1679699345
13,21,4.0,1682767884
13,282,2.5,1626246038
13,285,3.0,1661453148
13,5,2.5,1614357588
13,78,2.5,1618185096
13,252,2.0,1640890504
13,27,4.0,1600908300
13,54,1.5,1653108878
13,121,3.0,1644589439
13,41,3.0,1683240786
13,297,2.5,1650987966
13,190,2.0,1644230340
13,298,3.5,1659085720
13,264,3.0,1644927535
13,286,4.0,1657796330
13,256,2.0,1687380687
13,100,3.0,1679778067
13,70,3.0,1618270317
13,212,4.0,1640323741
13,226,2.5,1643038948
13,123,3.0,1680961645
13,3,2.5,1626957830
13,30,4.5,1664291599
13,180,2.0,1642168966
13,47,4.0,1623842070
13,235,2.5,1653450811
13,85,2.5,1642833932
13,175,2.5,1639117508
13,25,3.5,1684946730
13,195,2.5,1665901885
13,68,3.0,1677293208
13,244,4.0,1632537638
13,165,3.5,1643739710
13,278,4.0,1650473288
13,141,3.0,1637621248
13,107,3.0,1652738860
13,132,3.5,1648991556
13,300,4.0,1615285764
13,6,4.0,1675678734
13,164,3.0,1626816708
13,146,2.5,1679487366
13,296,2.0,1673233096
13,220,3.0,1624149421
13,115,3.5,1673833059
13,281,3.0,1603612618
13,254,5.0,1661957885
13,154,2.5,1628138531
14,224,3.0,1654914054
14,204,2.5,1667015343
14,210,2.5,1618680305
14,153,3.0,1685004924
14,259,1.0,1640645509
14,21,3.5,1632483531
14,229,2.5,1633914361
14,171,2.5,1688404247
14,222,2.5,1620688754
14,272,2.5,1656791272
14,228,2.0,1650598851
14,258,4.0,1609927432
14,34,2.5,1660272714
14,7,3.0,1680253323
14,84,4.5,1664321792
14,154,2.0,1678147469
14,223,3.0,1653795149
14,285,2.5,1671721578
14,263,4.0,1667996397
14,218,1.0,1656143368
14,159,2.5,1672966824
14,126,3.0,1604934536
14,130,4.0,1648255231
14,219,3.0,1672062301
14,121,2.0,1679701163
14,46,2.0,1685655118
14,85,2.5,1611406082
14,53,2.0,1614679315
15,233,2.5,1622325574
15,250,2.0,1686838849
15,52,3.5,1682232236
15,153,4.5,1605945401
15,132,3.0,1675594147
15,204,2.0,1686574622
15,249,1.5,1686804457
15,207,3.0,1653635785
15,274,3.5,1644506155
15,104,3.0,1657774765
15,134,2.5,1614219637
15,264,2.0,1601415698
15,51,1.5,1613234748
15,93,3.5,1634727276
15,72,4.0,1629796480
15,186,1.5,1668541804
15,193,4.0,1669631857
15,112,3.0,1674892608
15,196,3.5,1677915846
15,198,1.5,1677206788
15,7,1.5,1629666377
15,263,2.5,1659831384
15,91,3.0,1650213478
15,291,4.0,1652497139
15,37,3.0,1662151291
15,192,2.5,1678999206
15,200,2.0,1667171380
15,74,3.5,1620232642
15,286,2.0,1646300738
15,191,4.0,1603296743
15,178,3.5,1664796438
15,79,4.0,1614032377
15,114,3.0,1639652241
15,109,2.5,1655831276
15,63,2.0,1611523236
15,6,2.5,1615578562
15,117,3.0,1619015320
15,48,2.5,1646751880
15,2,2.0,1641861213
15,219,2.5,1646045630
15,168,2.5,1661113711
15,145,1.0,1627765262
15,3,3.0,1669942848
15,244,2.0,1664817230
15,97,1.5,1646748074
15,99,1.5,1663909453
15,26,1.0,1613102741
15,102,1.5,1658809636
15,53,2.0,1660726434
15,252,4.0,1642803305
15,223,2.0,1609015987
15,150,3.5,1640300763
15,11,4.0,1605997257
15,156,2.5,1615446483
15,282,2.5,1603031322
15,82,1.5,1646047142
15,212,4.0,1686969050
15,1,4.0,1614678410
15,55,1.5,1622059232
15,8,2.5,1632737441
15,197,2.5,1669255529
15,127,2.0,1623414716
15,149,3.0,1674076145
15,136,2.0,1621493051
15,188,5.0,1644424679
16,183,3.5,1684524999
16,4,4.0,1624756698
16,293,4.0,1625016429
16,107,3.0,1685963619
16,138,4.0,1688222374
16,263,3.0,1658000104
16,192,3.5,1653094168
16,226,2.5,1603918120
16,285,5.0,1682424037
16,232,2.5,1626484437
16,205,3.0,1660340936
16,259,5.0,1679484162
16,7,2.5,1657653606
16,225,1.0,1652188655
16,5,3.5,1600597274
16,218,3.5,1628829445
16,211,3.5,1627619925
16,58,3.5,1637358810
16,252,2.0,1608397164
16,41,2.5,1677490324
16,99,2.5,1613656928
16,214,3.0,1672060023
16,201,2.5,1625093324
16,52,3.5,1649095909
16,100,5.0,1643752954
16,295,4.0,1626450861
16,139,1.5,1661411378
16,106,3.5,1615294777
16,284,3.5,1635212476
16,72,4.0,1665697427
16,36,2.5,1670828710
16,91,3.5,1685779702
16,21,3.0,1642064387
16,231,4.0,1680124068
16,195,3.0,1652162278
16,88,2.5,1682048427
16,217,4.0,1652686364
16,274,2.0,1678786439
16,79,2.0,1615331969
16,130,2.0,1646697654
16,133,2.0,1647242616
16,221,5.0,1661453007
16,151,1.0,1682861016
16,40,1.5,1623156250
16,163,5.0,1639922369
16,34,3.0,1682474715
16,73,3.0,1679211057
16,143,1.5,1611375216
16,37,3.5,1617978165
16,49,3.0,1642035079
16,114,1.5,1615819123
16,115,3.5,1632020689
16,287,4.5,1640987410
16,61,2.5,1615696616
16,230,4.5,1624567819
16,64,5.0,1650104292
16,248,3.0,1618972822
16,116,4.0,1668561753
16,103,3.0,1652138657
16,54,3.0,1656135102
16,109,2.5,1680050918
16,129,2.5,1618504235
16,141,3.0,1677149161
16,245,2.0,1651500679
16,236,2.5,1656779304
16,241,3.5,1624931439
16,65,3.5,1665319770
16,262,2.5,1685295586
16,81,3.0,1672125824
16,14,3.0,1686605343
16,105,4.0,1623251181
17,25,3.5,1625111946
17,260,4.0,1642222214
17,201,3.0,1660532325
17,180,3.5,1683135800
17,11,4.5,1607195581
17,5,1.5,1648189421
17,92,2.0,1601286267
17,31,4.5,1665043108
17,68,3.5,1618325379
17,44,2.5,1626189702
17,252,2.0,1651532114
17,139,3.0,1675374270
17,275,2.0,1667838742
17,102,1.5,1687653539
17,45,3.0,1666433728
17,207,3.5,1654913082
17,229,2.5,1665998330
17,118,3.5,1655784972
17,150,2.5,1659572772
17,160,3.5,1665592138
17,237,3.5,1622448383
17,52,2.5,1611095863
17,202,5.0,1675886408
17,19,2.5,1604142053
17,243,2.0,1629598969
17,12,3.0,1639203644
17,147,4.5,1604388260
17,74,3.5,1636890134
17,88,2.0,1630177972
17,132,4.0,1672156607
17,226,2.0,1638744673
17,213,3.0,1622576626
17,235,4.5,1661380637
17,53,3.0,1675920319
17,77,3.0,1666479831
17,107,2.0,1673782999
17,255,3.5,1668559218
18,296,3.5,1635955440
18,106,1.5,1672894477
18,136,3.0,1649239353
18,70,3.5,1672751830
18,39,4.0,1605584869
18,38,2.5,1659239219
18,273,5.0,1673330295
18,111,1.0,1629332201
18,133,3.0,1657063296
18,252,1.5,1613746101
18,262,3.5,1687734330
18,254,2.0,1633223132
18,165,3.0,1639957816
18,182,2.5,1604325890
18,235,2.0,1660362053
18,4,2.0,1635274462
18,250,4.0,1646785209
18,150,3.0,1611674661
18,274,1.0,1658930964
18,205,3.0,1615755285
18,86,3.5,1631802361
18,95,2.5,1628169370
18,220,3.5,1678909809
18,247,3.5,1647060874
18,249,3.0,1681907952
18,143,2.5,1684929036
18,102,2.0,1657467610
18,198,4.0,1622277675
18,31,3.5,1682698414
18,91,3.5,1618687800
18,113,3.5,1627732020
18,175,2.5,1627775381
18,255,4.0,1607966873
18,194,5.0,1676514083
19,128,3.0,1622599227
19,174,2.5,1643440052
19,190,3.0,1639276764
19,152,2.5,1638833650
19,183,3.5,1676871268
19,8,2.5,1635882178
19,66,1.5,1669043610
19,60,3.5,1612780905
19,6,3.0,1618198434
19,206,3.0,1655243509
19,86,1.0,1607957216
19,162,3.5,1637221734
19,137,2.0,1688032908
19,287,3.5,1617030641
19,133,4.0,1617809465
19,249,3.5,1633511112
19,242,2.5,1619628462
19,198,2.5,1643231088
19,237,4.0,1633226234
19,281,3.5,1652707402
19,138,3.5,1665694038
19,245,2.5,1619081953
19,192,1.0,1677500742
19,119,3.0,1684879557
19,120,2.5,1636066605
19,92,3.0,1684263610
19,150,3.5,1655596350
19,253,3.5,1650354777
19,167,4.5,1660665302
19,269,2.0,1610135622
19,296,2.5,1685044078
19,14,2.0,1612494970
19,118,3.5,1654069715
19,193,4.0,1669204468
19,252,2.5,1637342819
19,290,1.5,1649535894
19,176,2.0,1661028216
19,131,4.5,1665504221
19,235,3.0,1643928023
19,201,3.0,1678108751
19,37,2.5,1600331931
19,211,3.0,1612501261
19,113,4.0,1661532017
19,47,4.0,1685206855
19,122,2.5,1689139874
19,20,5.0,1648079840
19,196,4.0,1608500100
19,70,2.0,1671729237
19,115,3.0,1653380520
19,256,4.0,1629236638
19,215,3.5,1657665720
19,21,2.0,1628434222
19,189,3.5,1666399516
19,149,2.0,1636042404
19,142,2.5,1643334226
19,107,3.0,1638063218
19,81,3.0,1645332729
19,277,3.0,1673458776
19,274,4.0,1677568940
19,231,2.5,1617528063
19,124,2.5,1675986307
19,185,4.0,1665140950
19,166,2.5,1646135950
19,268,4.5,1606497381
19,299,2.0,1606166355
19,27,3.0,1613364695
19,205,2.0,1684044392
19,240,2.0,1661684020
19,102,2.5,1602185246
19,55,2.0,1616674831
19,117,2.0,1621204188
19,134,4.5,1659228397
19,48,3.5,1661272827
19,191,3.0,1600090721
19,31,2.0,1657418250
19,221,4.0,1627154689
19,217,3.0,1617705074
19,187,2.5,1687241147
19,145,1.5,1640515702
19,207,3.5,1621337593
19,59,3.0,1636778269
19,155,2.0,1612527880
19,111,3.5,1687857309
19,22,3.0,1648376818
19,250,2.0,1633606680
19,38,3.0,1611062296
19,62,3.0,1649908025
19,49,4.5,1689188862
20,163,4.5,1631426254
20,175,2.0,1657610401
20,268,2.0,1687977738
20,299,2.5,1612240547
20,209,3.5,1612775337
20,280,3.0,1600145801
20,63,2.5,1628644905
20,23,4.5,1663995913
20,263,3.0,1610460758
20,105,3.0,1617810664
20,96,4.5,1679682313
20,76,4.0,1630358823
20,260,3.0,1669718627
20,30,3.5,1659735865
20,207,3.5,1601246473
20,100,2.5,1601082139
20,284,3.0,1646113741
20,32,4.0,1616185823
20,83,3.5,1656682016
20,238,2.0,1617740248
20,8,2.5,1664115841
20,221,2.5,1609506414
20,244,3.5,1630728728
20,197,2.0,1651414775
20,142,4.5,1611989814
20,143,1.5,1613747542
20,14,2.5,1613851475
20,90,3.0,1642057323
20,62,3.0,1649333294
20,60,3.0,1640165370
20,210,3.0,1618405182
20,225,1.5,1651367949
20,236,3.5,1617870584
20,161,1.5,1686110892
20,272,3.5,1619173414
20,50,4.0,1609182050
20,55,3.5,1671203615
20,136,2.5,1675603667
20,34,2.0,1601137460
20,65,1.5,1681915661
20,274,1.5,1687244236
20,170,1.5,1622027350
20,123,4.5,1659069144
20,270,3.5,1647135617
20,129,3.0,1628595818
20,239,2.5,1684299475
20,73,4.0,1620317091
20,208,2.5,1655258766
20,86,4.5,1682688322
20,43,2.5,1659375757
20,25,3.0,1629158087
20,85,3.0,1611635070
20,157,2.0,1613484199
20,110,2.0,1618792245
20,160,3.0,1616529882
20,266,2.0,1679131271
20,112,3.5,1651543890
20,285,2.5,1647182314
20,131,2.5,1657631581
21,91,3.0,1637173969
21,182,4.5,1686519508
21,86,3.0,1611307671
21,168,3.0,1633308414
21,38,2.5,1674275638
21,247,1.0,1680664728
21,225,2.5,1680531692
21,280,3.0,1681549765
21,256,2.5,1638241423
21,241,3.5,1603600310
21,254,2.5,1688369672
21,6,2.5,1640486688
21,165,3.5,1627574457
21,223,2.5,1669491111
21,10,4.5,1681460345
21,88,2.5,1668386961
21,127,2.5,1625319707
21,229,2.0,1652579931
21,295,4.5,1639666982
21,237,1.5,1686727439
21,158,2.0,1607324144
21,172,4.0,1632123815
21,155,4.0,1666422705
21,48,2.5,1651792685
21,63,2.5,1615132198
21,268,2.0,1632357445
21,151,2.5,1667052833
21,145,2.5,1685641960
21,222,3.5,1679715904
21,227,1.5,1609531069
21,255,3.0,1670905413
21,226,3.5,1601619606
21,121,2.5,1648465780
21,269,3.0,1642476240
21,113,3.0,1617714442
21,253,3.0,1651920550
21,198,2.0,1676286724
21,219,2.0,1656487347
21,94,3.0,1649044830
21,279,2.5,1673330690
21,111,3.5,1623188838
21,297,3.0,1663218512
21,110,3.0,1609796799
21,166,3.0,1602240013
21,149,2.0,1678834594
21,72,3.0,1609064068
21,139,2.5,1601851322
21,288,1.5,1635189912
21,231,4.5,1628956527
21,174,3.5,1605345470
21,190,1.5,1608115992
22,268,3.0,1655758338
22,150,3.5,1656851305
22,51,3.0,1653992760
22,280,3.5,1611063273
22,156,3.0,1685971459
22,233,2.0,1672016510
22,126,3.0,1672162880
22,123,2.5,1682684436
22,299,3.0,1620492422
22,102,3.0,1637241089
22,68,2.5,1611220209
22,138,4.0,1641594998
22,272,3.5,1610606094
22,190,2.0,1668626154
22,95,3.0,1627272705
22,279,2.0,1620854365
22,230,1.5,1671993070
22,42,2.5,1643855682
22,170,2.0,1652443094
22,40,2.5,1678710263
22,62,2.0,1685133532
22,162,4.5,1687219985
22,237,2.0,1686322745
22,228,2.5,1608873816
22,6,3.0,1641630244
22,189,2.5,1658718382
22,217,1.5,1632029368
22,107,4.0,1607772004
22,129,2.0,1632813517
22,259,2.0,1611571285
22,221,4.0,1658315400
22,140,2.0,1615567455
22,173,2.5,1660850538
22,135,2.0,1682181084
22,154,3.0,1681716102
22,167,5.0,1607385816
22,223,1.0,1641512209
22,125,2.5,1689399687
22,191,3.5,1688322292
22,81,2.5,1623574794
22,5,1.5,1616031369
22,260,3.0,1601699863
22,78,4.5,1618416255
22,239,3.5,1601523452
22,108,3.0,1621989243
22,52,2.5,1666627415
22,22,2.0,1646533974
22,100,3.5,1670196591
22,284,4.0,1669420474
22,166,1.5,1634795538
22,10,3.0,1622409388
22,168,3.0,1649911470
22,277,3.5,1617036337
22,254,2.5,1636072958
22,65,3.5,1615845304
22,238,2.0,1603940129
22,56,2.0,1644964418
22,67,3.5,1657622968
22,235,3.5,1636504617
22,139,4.5,1670310522
22,143,3.5,1608572753
22,119,3.5,1635292504
22,44,3.0,1677396877
22,98,2.5,1684226031
22,71,2.5,1610344164
22,114,2.5,1666591799
22,300,3.0,1661095611
22,249,3.0,1668555983
22,141,3.5,1648335011
22,176,2.5,1607440911
22,97,3.0,1667056519
22,285,1.5,1676086168
22,8,3.5,1622398441
22,147,4.5,1649350218
22,28,3.5,1621113788
22,75,2.5,1634241100
22,117,3.0,1613811663
22,192,3.5,1677029205
22,269,2.5,1615479814
22,50,3.0,1630655922
22,207,3.0,1668293320
22,206,4.0,1600344739
22,276,3.0,1605910667
22,111,3.0,1601649277
23,134,3.0,1648852098
23,202,2.5,1651402634
23,127,3.5,1620144023
23,174,2.5,1624019729
23,158,1.5,1604746418
23,116,2.5,1674204255
23,289,3.0,1688007006
23,147,3.5,1656286795
23,29,2.5,1630133935
23,13,3.0,1643191535
23,1,2.0,1633321320
23,255,3.0,1655869014
23,229,1.5,1642940967
23,4,3.5,1636407626
23,2,3.0,1610453825
23,24,2.5,1676710258
23,300,1.5,1650037465
23,97,3.0,1616025721
23,171,3.5,1667382794
23,15,3.0,1607069536
23,244,3.5,1624071191
23,26,3.0,1629955391
23,210,3.0,1669226031
23,41,3.5,1606164431
23,203,4.0,1653811222
23,131,2.5,1609251149
23,68,2.0,1662423883
23,21,2.5,1637890586
23,142,3.0,1641701149
23,78,2.5,1643929586
23,72,2.0,1611594468
23,95,2.5,1674234670
23,45,3.5,1661303434
23,283,3.5,1601069604
23,254,2.5,1649515518
23,157,3.0,1626933626
23,32,2.5,1639137230
23,261,1.0,1675672859
23,194,3.0,1640790016
23,27,3.0,1683579731
23,108,2.5,1632559072
23,74,3.5,1662267186
23,191,3.5,1649428849
23,146,4.0,1679415412
23,226,2.0,1666217748
23,224,2.0,1626229153
23,293,3.5,1673357939
23,66,1.0,1632900372
23,61,3.5,1620208677
23,257,3.0,1600856024
23,211,1.0,1655034115
23,228,3.0,1603209180
23,3,4.5,1631272427
23,25,1.5,1672684966
23,259,4.0,1646496201
23,63,2.5,1685354668
23,94,3.0,1601287794
23,166,2.5,1644965270
23,179,3.5,1600196231
23,216,1.5,1688221829
23,277,3.5,1650502752
23,83,4.0,1641273379
23,204,4.0,1613951801
23,162,1.5,1627540722
23,88,2.5,1671110496
23,167,3.0,1631966313
23,144,2.5,1656346728
23,92,3.0,1666038997
23,238,2.5,1608038980
23,297,4.5,1619109045
23,50,2.5,1637557512
23,207,1.0,1612485824
23,187,2.5,1605892193
23,51,3.5,1631067722
23,240,2.0,1669760901
23,246,2.0,1655439545
23,178,2.0,1649995026
23,212,1.5,1661533194
23,253,2.0,1611395409
23,241,3.5,1677949714
24,76,4.0,1685525640
24,17,1.0,1652928934
24,295,1.5,1610043577
24,161,3.0,1679442904
24,270,3.0,1676211608
24,235,1.0,1608359464
24,187,2.0,1658382413
24,151,3.5,1688911718
24,19,2.0,1617543369
24,135,2.5,1631778964
24,11,4.5,1639148093
24,113,2.5,1635029610
24,243,2.0,1642279780
24,27,2.5,1652741214
24,5,4.0,1643788744
24,180,3.0,1642688984
24,13,2.5,1660768130
24,46,3.0,1636501299
24,275,3.0,1631354768
24,167,4.0,1610024377
24,108,1.5,1627207628
24,212,3.0,1618268622
24,44,2.5,1678478184
24,59,2.5,1614626086
24,222,3.0,1620858851
24,70,2.5,1614181143
24,178,2.0,1622062036
24,87,1.5,1660339827
24,112,3.0,1662552858
24,280,3.0,1642148834
24,288,1.5,1654561191
24,242,4.5,1616205010
24,283,1.5,1671930575
24,150,3.5,1648088526
24,248,2.5,1627868462
24,208,3.0,1660655283
24,171,2.5,1641380361
25,161,2.5,1612136086
25,70,3.5,1621154777
25,281,3.0,1640831043
25,148,2.0,1680973889
25,6,3.0,1605412975
25,244,3.5,1628859601
25,178,2.0,1643995720
25,243,1.5,1619907683
25,7,3.0,1612242388
25,162,5.0,1633315361
25,108,2.5,1647746984
25,117,3.0,1653183031
25,42,2.5,1668915391
25,229,4.0,1606570040
25,122,2.5,1640109721
25,262,2.5,1634918995
25,184,3.5,1623336132
25,164,3.0,1604171767
25,34,1.5,1654276605
25,81,3.5,1660693413
25,198,2.0,1674618850
25,123,2.0,1673835976
25,287,4.5,1633534652
25,127,2.5,1612713811
25,74,3.0,1662014395
25,29,2.5,1613677772
25,99,2.0,1618762704
25,185,3.0,1616301180
25,238,3.0,1601604831
25,296,3.0,1608277097
25,17,3.0,1629835008
25,1,2.0,1617544302
25,192,1.5,1626592965
25,32,1.5,1653765180
25,183,3.0,1649961172
26,215,2.5,1610064609
26,66,2.0,1602925970
26,150,2.0,1608653290
26,275,4.0,1626541600
26,154,3.5,1686702893
26,34,3.0,1659516344
26,106,4.0,1617286109
26,248,3.5,1612345163
26,98,3.0,1644499873
26,230,4.0,1616445384
26,7,3.5,1605730602
26,251,2.5,1661873691
26,55,4.0,1606796477
26,95,3.5,1622547129
26,252,1.5,1677025433
26,45,1.5,1658137264
26,105,2.0,1653015826
26,28,2.0,1666588957
26,143,4.0,1603957046
26,80,3.5,1651369075
26,245,3.5,1657265875
26,174,4.0,1623193791
26,270,2.0,1647505459
26,179,2.0,1628818707
26,87,2.5,1625118997
26,129,1.0,1636907428
26,22,2.0,1637561442
26,52,2.0,1659862640
26,39,2.0,1619948970
26,35,1.5,1604650569
26,63,2.0,1682423989
26,53,3.5,1683104469
26,238,4.5,1682809273
26,236,4.0,1632988674
26,137,3.5,1686876236
26,54,3.0,1639608344
26,193,3.5,1666960098
26,296,1.5,1655296657
26,300,3.0,1673912181
26,201,4.5,1664294443
26,104,2.0,1608184472
26,290,3.5,1611773787
26,132,4.0,1637550897
26,214,4.0,1651407440
26,101,3.0,1618419506
26,20,1.5,1656268745
26,298,3.5,1626770773
26,202,2.0,1686255361
26,97,3.0,1670573568
26,155,3.0,1633440045
26,171,1.0,1684658420
26,115,4.0,1672968364
26,142,4.5,1602621269
27,180,2.5,1664382155
27,272,4.0,1673083942
27,281,1.5,1665052579
27,286,3.5,1646175477
27,296,2.5,1675920407
27,271,3.5,1667430081
27,99,3.0,1643165014
27,36,2.5,1652127652
27,168,2.5,1636297263
27,269,2.5,1624134478
27,15,2.0,1603498112
27,136,1.0,1642799022
27,98,2.0,1680143600
27,63,2.0,1629396392
27,66,2.5,1603933043
27,139,4.0,1637706144
27,24,3.0,1607863981
27,188,2.0,1663308406
27,13,2.0,1671059199
27,276,2.5,1647973830
27,76,4.0,1678381665
27,118,3.0,1631240803
27,282,3.5,1621424479
27,126,3.5,1613439803
27,299,2.5,1633266810
27,204,4.0,1688162850
27,165,3.0,1632366980
27,230,2.5,1635772648
27,34,3.5,1671630600
27,191,3.0,1607503932
27,104,1.5,1629448924
27,212,2.5,1677268086
27,179,4.0,1652133188
27,35,1.5,1647621071
27,252,3.0,1623315234
27,166,4.0,1623635791
27,75,3.5,1631749355
27,91,2.0,1679526622
27,48,3.5,1642681823
27,209,3.5,1648155056
27,40,5.0,1679398174
27,170,5.0,1603785821
27,228,4.5,1647201978
27,199,4.0,1676188876
27,83,4.5,1675645982
27,172,3.0,1619072646
27,124,2.0,1675579195
27,50,3.5,1625264294
27,49,3.0,1666065552
27,58,3.5,1672762732
27,256,1.5,1641480401
27,5,1.5,1623562830
27,203,2.5,1665825262
27,6,3.0,1605095407
27,119,3.0,1612114140
27,267,2.5,1607538738
27,277,2.0,1631222178
27,18,4.0,1680753812
27,298,1.5,1629368039
27,254,3.5,1602674689
27,275,4.0,1670658723
27,135,3.5,1664154596
27,247,2.0,1600091737
27,190,2.5,1644524582
27,101,3.5,1682427773
28,131,2.0,1645735904
28,228,3.0,1623818260
28,122,3.0,1643431355
28,171,3.0,1607993466
28,232,2.0,1602941099
28,79,3.0,1619825571
28,152,3.0,1678733350
28,277,3.0,1619012298
28,14,2.5,1614887509
28,10,3.0,1670638102
28,157,3.5,1648974686
28,190,1.5,1609735027
28,34,2.0,1650142505
28,197,2.5,1688870866
28,276,2.0,1653095937
28,212,1.0,1678653825
28,166,3.5,1613560308
28,20,1.5,1645172462
28,135,2.5,1640502233
28,58,3.0,1643299069
28,300,3.0,1618314232
28,268,2.5,1621139813
28,49,1.5,1658635481
28,217,4.0,1685800828
28,263,2.5,1665390879
28,133,3.0,1687131500
28,98,2.5,1642585056
28,104,2.5,1623381086
28,246,2.0,1675427317
28,23,4.0,1682370625
28,85,3.0,1647892314
28,285,2.5,1629962391
28,180,3.0,1689326148
28,248,2.0,1679047551
28,210,2.5,1623535297
28,12,5.0,1650785855
29,181,2.0,1617092408
29,296,2.0,1623851602
29,56,2.0,1600241310
29,150,1.5,1676884584
29,167,3.0,1652559853
29,96,3.5,1676166246
29,58,3.5,1604346338
29,13,1.5,1624438599
29,103,2.0,1680851238
29,198,1.5,1642710350
29,37,2.0,1682058189
29,137,3.5,1629648058
29,245,3.5,1685851936
29,24,3.0,1675906869
29,85,2.5,1613973438
29,252,2.5,1666596831
29,121,1.5,1618876833
29,38,2.5,1644448673
29,112,4.0,1610443030
29,280,1.5,1631943272
29,262,3.0,1646548066
29,166,3.0,1642885071
29,177,2.0,1622533467
29,117,3.0,1685387542
29,168,2.0,1611908603
29,147,2.5,1689929175
29,100,2.5,1685778910
29,164,2.5,1645063530
29,161,1.0,1659945655
29,238,1.0,1601529494
29,102,3.0,1635596211
29,142,3.5,1628143348
29,234,2.0,1633492807
29,46,2.5,1609099261
29,44,3.0,1647040785
29,243,4.0,1634448045
29,206,1.0,1614500158
29,209,3.0,1600171954
29,233,2.5,1606462242
29,156,3.0,1651799600
29,135,4.5,1658816911
29,189,2.5,1656324902
29,183,1.5,1622325567
29,40,4.0,1655568711
29,140,3.5,1666180344
29,120,2.5,1650829941
29,240,2.0,1647141449
29,151,3.5,1673286096
29,288,3.0,1650378298
29,299,2.0,1613613510
29,132,3.0,1664355957
29,53,3.5,1677585294
29,278,4.5,1687371655
29,186,2.5,1630277201
29,219,2.5,1621831387
29,27,3.5,1660570772
29,294,1.5,1609893106
30,175,3.5,1642777459
30,34,3.5,1635047967
30,156,4.0,1614055958
30,2,2.5,1609959009
30,177,2.5,1645876720
30,21,1.5,1622831133
30,206,2.0,1650393104
30,278,3.5,1621596235
30,10,1.0,1610066654
30,297,2.0,1673423305
30,249,2.5,1612496299
30,133,3.5,1645358959
30,171,2.0,1679729429
30,263,1.5,1682362000
30,172,1.5,1664791834
30,246,2.5,1604159837
30,196,5.0,1657891237
30,185,3.5,1687729428
30,247,3.0,1622145548
30,101,3.0,1681512791
30,46,3.5,1658277389
30,227,3.0,1621086112
31,204,3.5,1627588517
31,155,2.5,1625499255
31,242,3.5,1654932613
31,211,3.5,1674371711
31,241,3.0,1672494408
31,212,3.0,1635603234
31,218,1.0,1688663948
31,209,2.5,1637785387
31,297,3.0,1639916439
31,157,3.0,1631883191
31,5,3.5,1612873617
31,184,2.5,1606661956
31,287,2.0,1652734442
31,18,4.0,1676741644
31,103,2.0,1673774469
31,199,1.5,1665893962
31,163,2.0,1620614492
31,252,2.0,1607315517
31,213,3.0,1648429638
31,32,3.5,1600512117
31,113,1.0,1657392300
31,50,2.0,1611761279
31,116,2.5,1639533757
31,256,3.0,1688854850
31,284,4.0,1683898287
31,192,4.5,1680559564
31,186,1.5,1664468586
31,269,2.0,1626799898
31,293,2.5,1613017361
31,246,2.0,1603454186
31,265,1.5,1627776759
31,144,2.5,1622928708
31,190,3.0,1685656500
31,97,2.0,1639166271
31,36,3.0,1610997276
31,298,2.0,1663561576
31,112,2.5,1615503345
31,136,3.0,1641386492
31,40,1.5,1653347164
31,127,3.0,1663209094
31,267,2.5,1665645462
31,79,2.5,1688723294
31,54,3.0,1635568288
31,61,5.0,1612232184
31,153,3.0,1686149847
31,95,3.0,1673031359
31,206,2.5,1652013009
31,194,2.0,1624814337
31,128,3.0,1649797531
31,20,2.0,1651196706
31,146,3.0,1649580252
31,180,1.5,1625042738
31,104,3.0,1659830944
31,56,2.5,1605988382
31,17,3.0,1635338986
31,70,3.0,1659020960
31,81,2.0,1662419022
31,68,2.5,1635353058
31,31,2.5,1630365724
31,86,3.0,1636045780
31,169,4.0,1675731895
31,260,5.0,1608273096
32,35,2.5,1611503440
32,266,1.0,1689676390
32,241,2.5,1646142898
32,178,1.0,1672672055
32,99,2.5,1655564347
32,248,3.5,1679151743
32,129,3.0,1630536245
32,189,4.0,1674303190
32,272,1.5,1608185099
32,188,3.5,1651956500
32,140,3.0,1670139805
32,197,1.0,1656187845
32,201,5.0,1671875527
32,280,2.5,1663729850
32,39,2.0,1676868410
32,137,1.5,1631627336
32,36,2.5,1663922841
32,173,2.5,1640111251
32,229,2.5,1610597167
32,300,2.5,1652989744
32,244,3.0,1604661179
32,82,2.5,1667390918
32,68,1.0,1676667841
32,228,3.5,1669366056
32,69,1.0,1676703472
32,107,3.0,1683251648
32,281,2.0,1619790089
32,66,2.5,1616143959
32,217,4.5,1660269093
32,17,2.0,1623203422
32,297,3.5,1622436477
32,11,2.5,1628439415
33,25,5.0,1656824417
33,184,2.5,1610518444
33,286,4.5,1658437492
33,244,2.0,1627101146
33,142,4.5,1684184877
33,59,3.5,1619847882
33,38,3.5,1679865944
33,23,2.5,1634612921
33,229,1.0,1642916049
33,266,2.0,1608994192
33,71,2.0,1611680625
33,220,2.0,1652089786
33,83,2.5,1674673939
33,267,2.5,1653332084
33,134,2.0,1674095459
33,222,2.5,1643771998
33,280,2.0,1637071046
33,174,3.5,1669751366
33,176,2.0,1661492815
33,84,2.0,1601659440
33,239,2.0,1683625419
33,276,3.0,1678863127
33,252,3.0,1670137085
33,30,1.0,1656316931
33,122,3.5,1615102023
34,109,4.5,1614178065
34,183,1.5,1675522135
34,15,5.0,1613554707
34,99,2.5,1638398732
34,35,2.0,1671891508
34,151,3.5,1646153339
34,270,3.5,1655148727
34,162,2.5,1635451818
34,12,3.0,1651411224
34,212,2.5,1687884113
34,92,1.0,1665174087
34,246,1.5,1676775659
34,19,3.5,1681733516
34,169,2.0,1663491242
34,218,4.0,1605028557
34,40,3.0,1623112256
34,9,3.5,1636965460
34,259,1.5,1654086249
34,178,4.0,1619307578
34,262,2.5,1682979370
34,209,2.0,1681692326
34,177,2.0,1653917932
34,119,3.0,1605205303
34,98,3.0,1653122402
34,33,2.5,1644492381
34,18,2.5,1631887353
34,229,2.0,1606615722
34,61,2.5,1663782705
34,78,2.0,1636048781
34,102,2.0,1649988144
34,247,3.0,1602715612
34,75,3.0,1645347617
35,25,1.5,1613182514
35,43,3.0,1630595926
35,31,3.5,1618036919
35,139,2.0,1640329802
35,137,2.5,1659473299
35,182,4.5,1643066216
35,199,4.5,1636160937
35,128,2.5,1655938288
35,69,2.5,1681198924
35,249,3.0,1686644900
35,211,2.0,1611983878
35,177,3.5,1625224301
35,234,2.0,1659286198
35,185,4.0,1628372352
35,261,2.0,1654649480
35,143,5.0,1665023164
35,46,3.0,1669323646
35,270,3.5,1650185378
35,96,3.0,1607543817
35,161,1.5,1669158328
35,286,1.0,1621336920
35,289,3.5,1608806960
35,207,3.5,1641758234
35,277,1.5,1668020910
35,196,4.5,1654141437
35,99,3.5,1618206610
35,72,3.5,1670368504
35,160,2.5,1676325904
35,248,3.5,1603885356
35,105,3.0,1623318633
35,225,3.5,1625872271
35,202,3.0,1626941091
35,82,2.5,1607734634
35,71,3.5,1633486016
35,231,4.0,1604438720
35,108,3.5,1661263503
35,80,3.0,1606785951
35,147,2.5,1648368724
35,268,1.0,1626724061
35,244,3.0,1636772637
35,176,3.0,1649439358
35,230,4.0,1662306347
35,167,2.5,1667796914
35,226,3.5,1653276690
35,238,5.0,1685283260
35,240,2.0,1616625933
35,54,2.5,1604102122
35,56,2.0,1632472381
35,245,2.5,1649991642
35,49,3.5,1665603845
35,103,2.0,1679731181
35,59,2.5,1659874989
35,1,2.5,1623834879
35,174,3.0,1663697356
35,184,4.0,1678769733
35,228,2.5,1673998759
35,32,2.0,1646943979
35,243,4.0,1646204319
35,63,4.0,1621946425
35,136,2.5,1634716747
35,299,3.0,1612132198
35,92,2.5,1638261364
35,98,2.0,1603684342
35,84,2.0,1651883966
35,14,3.0,1606664050
35,4,1.0,1621865061
35,144,2.0,1676807176
35,104,4.0,1628765353
35,140,1.5,1629709238
35,20,2.5,1686889858
35,158,3.5,1630214026
35,189,2.5,1627746963
35,95,2.0,1636115786
35,229,3.0,1687454571
35,89,3.0,1654963125
35,153,2.5,1668891441
35,127,2.5,1602691381
35,70,3.5,1601194267
35,206,1.5,1663632249
35,250,3.0,1617758896
35,222,3.0,1686888739
35,173,3.0,1623246598
36,272,3.5,1681650533
36,200,3.5,1640998106
36,148,3.0,1686267144
36,156,2.5,1636960684
36,124,3.5,1656882385
36,289,4.0,1650529679
36,248,2.5,1646802956
36,3,2.5,1661605671
36,151,2.5,1633822694
36,65,2.5,1629287523
36,96,3.5,1662639147
36,177,4.0,1640553227
36,12,3.5,1669878835
36,224,3.0,1683698993
36,134,3.0,1653304911
36,90,4.5,1678448538
36,267,1.0,1613732098
36,219,3.0,1600986174
36,115,2.0,1668654208
36,60,3.0,1688899843
36,7,2.0,1650228268
36,117,4.5,1675357498
36,10,3.5,1686884788
36,95,3.0,1679694801
36,257,4.0,1681745321
36,21,4.0,1637940248
36,89,3.5,1640060760
36,67,2.0,1614509544
36,72,2.5,1664657836
36,55,3.0,1608568064
36,223,4.0,1645135227
36,44,2.5,1637108953
36,170,2.0,1685979171
36,241,2.5,1643639158
36,109,2.5,1637162866
36,125,3.5,1635050544
36,163,4.0,1688062882
36,11,3.0,1687438349
36,4,3.5,1640103064
36,206,4.5,1625281262
36,287,3.0,1620123169
36,99,2.5,1669429969
36,190,3.5,1632252798
36,139,3.0,1607620167
36,73,2.5,1680535106
36,225,3.0,1654237172
36,132,2.0,1688654879
36,131,1.5,1642894071
36,36,2.5,1618781020
36,70,3.0,1603416548
36,135,4.5,1687966375
36,216,2.5,1666756250
37,282,3.0,1652113377
37,32,4.0,1604740436
37,88,2.0,1678252116
37,107,3.0,1676778235
37,234,1.5,1625489981
37,261,2.0,1646059101
37,103,1.5,1629845082
37,285,2.5,1671757508
37,68,1.5,1685672999
37,254,3.0,1663852097
37,263,3.0,1648116670
37,91,2.0,1668090647
37,10,2.5,1640291467
37,185,2.0,1622815223
37,251,3.0,1688263548
37,90,2.0,1674926784
37,34,3.0,1624311643
37,87,1.0,1639431028
37,253,2.0,1613100061
37,55,1.5,1663187139
37,97,3.0,1617172371
37,226,3.0,1634715663
37,161,3.0,1675031958
37,57,2.0,1624571018
37,110,1.0,1645047826
37,96,2.5,1687836731
37,165,3.0,1611985619
37,238,4.5,1629830361
37,4,3.0,1647685330
37,40,2.0,1629974566
37,3,4.0,1641216287
37,59,2.5,1656434872
37,134,4.5,1644468633
37,220,2.0,1649886371
37,61,2.5,1634971668
37,186,3.5,1678593968
37,89,3.0,1639466873
37,100,3.5,1662244897
37,82,3.0,1615808361
37,289,3.5,1663154349
37,14,1.5,1607204398
37,295,2.0,1685147289
37,193,3.5,1678326059
37,102,2.5,1677888306
37,288,3.5,1683302863
37,249,2.5,1609558414
37,164,3.5,1663380252
37,33,2.5,1626111227
37,154,2.5,1667172936
37,258,3.5,1616081422
37,73,2.5,1651226775
37,200,3.0,1671113720
37,189,3.0,1640044631
37,199,2.0,1655446317
37,255,3.5,1607256074
37,76,2.5,1620237141
37,54,2.5,1618436852
37,1,4.5,1626883353
37,242,3.0,1645992373
37,69,3.0,1654920799
37,152,3.5,1676424055
37,126,3.5,1661414198
37,92,4.0,1619223220
37,26,2.5,1642464268
37,232,4.5,1624207075
37,128,1.5,1610846331
37,5,2.5,1665441993
37,58,2.0,1644644768
37,42,2.0,1684695784
37,214,4.0,1623732951
37,12,2.0,1642065724
38,265,3.5,1628102825
38,188,2.5,1622629881
38,236,2.5,1677346846
38,234,2.0,1621264801
38,110,2.5,1665709924
38,239,3.0,1611816709
38,47,3.5,1617368573
38,253,2.0,1682474074
38,272,2.5,1658211760
38,261,2.0,1685025258
38,279,4.0,1657634397
38,158,3.5,1654142556
38,210,2.0,1657582820
38,237,2.0,1664075580
38,190,4.0,1651447859
38,149,3.0,1600626681
38,11,3.0,1605063406
38,220,3.0,1671643088
38,127,3.5,1626764927
38,24,3.0,1650076822
38,124,3.5,1601889398
38,186,2.5,1643246714
38,252,1.0,1671274148
38,116,2.5,1625578773
38,238,1.0,1602404661
38,289,3.0,1600553491
38,166,2.5,1684112495
38,277,4.0,1633396474
38,194,3.0,1630368869
38,235,2.5,1646217844
38,80,2.0,1641888314
38,61,2.5,1617304799
38,108,3.0,1613785264
38,245,2.5,1651479273
38,92,4.5,1667556678
38,181,2.5,1679010042
38,49,4.5,1641086072
38,229,1.5,1622417070
38,177,4.5,1608762675
38,264,2.0,1606136213
38,4,4.0,1640024028
38,97,3.0,1639034245
38,133,2.5,1661193393
38,93,4.0,1669831928
38,35,2.0,1680043415
38,213,4.0,1670345879
38,53,2.5,1645343466
38,241,3.0,1658205561
38,178,3.5,1617956913
38,274,2.0,1646000822
38,200,1.5,1665790669
38,125,2.5,1648217837
38,119,2.5,1625290114
38,2,2.5,1622130289
38,78,3.0,1654142310
39,215,3.0,1617610141
39,270,2.0,1628345472
39,255,4.0,1602941149
39,176,3.0,1679147232
39,54,2.0,1667730769
39,186,2.5,1622680748
39,172,4.5,1616530521
39,212,1.0,1649203071
39,192,3.0,1687314051
39,286,1.5,1605014834
39,102,2.5,1650357475
39,197,4.0,1685942441
39,27,4.0,1634331441
39,209,3.5,1671770706
39,24,4.0,1683635734
39,265,2.0,1606521231
39,117,3.0,1679715138
39,266,3.0,1606437132
39,23,3.0,1688848098
39,39,3.0,1614510741
39,218,2.5,1687720360
39,141,3.5,1602649695
39,191,2.5,1606473999
39,87,2.0,1615541047
39,204,2.0,1655938669
39,211,3.0,1659634854
39,248,4.5,1651036796
39,291,2.0,1616588648
39,109,4.5,1673454998
39,236,2.5,1633921959
39,148,2.5,1663672398
39,300,2.0,1620552371
39,231,2.5,1627581060
39,273,2.0,1684598956
39,93,2.0,1601248835
39,222,1.5,1640415166
39,90,5.0,1656488410
39,138,3.5,1688807116
39,28,3.5,1613553285
39,249,2.5,1688916958
39,161,3.5,1669834723
39,111,2.0,1636235719
39,219,1.5,1683590502
39,277,3.0,1681286864
39,182,2.5,1618409776
39,116,4.0,1656213840
39,259,1.5,1614081350
39,76,2.5,1668663747
40,45,2.5,1614262473
40,154,2.0,1666805406
40,133,2.5,1626661903
40,55,2.0,1681738839
40,225,2.5,1626809908
40,271,4.0,1635298445
40,27,1.5,1670215481
40,140,1.0,1627068117
40,43,4.5,1648039455
40,38,2.5,1654996550
40,161,2.0,1639641367
40,222,3.5,1621524980
40,72,2.5,1605288944
40,35,4.5,1673569939
40,1,3.5,1666619601
40,94,4.0,1627876214
40,25,3.5,1664513622
40,179,2.5,1644372866
40,128,3.0,1631474764
40,59,3.0,1600367488
40,82,1.5,1601711195
40,98,4.0,1611945758
40,217,3.0,1614821786
40,167,3.5,1677061479
40,279,1.0,1689794603
40,40,3.5,1666317520
40,221,3.0,1620017834
40,17,2.5,1612090691
40,4,2.5,1668679929
40,188,3.0,1610072800
40,176,3.0,1613594977
40,112,3.0,1634345256
40,139,2.0,1686481420
40,11,2.5,1631025808
41,212,2.5,1606721650
41,220,2.0,1613396125
41,107,3.0,1623448079
41,41,3.0,1605294153
41,243,5.0,1638999266
41,56,1.5,1648347193
41,63,4.0,1641970837
41,250,3.5,1657176108
41,73,2.0,1615555976
41,187,2.5,1612750478
41,21,1.5,1606159129
41,175,2.0,1601298197
41,5,3.0,1618574987
41,277,4.0,1689034004
41,11,4.0,1686865529
41,6,2.0,1622885770
41,94,4.0,1644112109
41,186,1.0,1647986515
41,251,2.0,1658749047
41,121,2.5,1683457527
41,125,3.0,1636011877
41,92,2.5,1612475714
41,74,3.0,1650012498
41,15,3.5,1645999465
41,222,3.5,1624544318
41,226,3.0,1615278272
41,23,3.5,1653791447
41,141,3.5,1653720675
41,93,4.5,1661275585
41,219,2.0,1636484819
41,240,4.0,1651769856
41,229,2.0,1664188958
41,147,3.5,1656604960
41,297,2.0,1687086700
41,70,3.0,1622384662
41,269,2.5,1615174194
41,80,2.0,1617785402
41,213,4.0,1607871385
41,25,2.0,1621393688
41,230,2.5,1613920137
41,24,2.0,1655838294
41,99,4.5,1679289163
41,235,2.5,1664783521
41,285,2.5,1676362294
41,83,1.5,1658809216
41,85,2.0,1624328380
41,120,1.5,1682050405
41,57,3.0,1650969286
41,216,2.5,1648130331
41,228,1.5,1682055138
41,140,3.5,1603867648
41,283,3.5,1617536261
41,124,4.0,1664837853
41,247,3.5,1665514730
41,129,2.5,1615158211
41,14,4.0,1655201639
41,159,2.5,1659148126
41,201,1.5,1606170301
41,286,3.0,1608500820
41,265,2.5,1635113084
41,68,3.5,1687909064
41,263,3.0,1642176303
41,88,4.5,1601658959
41,108,2.5,1670439867
41,193,2.0,1677396519
41,118,3.5,1675834657
41,116,2.5,1630062746
41,26,3.5,1689904987
41,163,3.5,1645405943
41,48,2.5,1669672379
41,33,3.0,1670209719
41,272,3.0,1682978636
41,47,3.5,1612783183
41,171,3.5,1658095862
41,161,3.5,1688813650
41,188,2.5,1633363439
41,194,2.0,1664683506
41,181,3.5,1646405710
41,139,3.0,1689081734
42,281,5.0,1601562947
42,222,4.5,1686355513
42,59,1.5,1621062435
42,115,2.0,1667856130
42,22,2.0,1662986894
42,65,3.0,1666549837
42,260,4.0,1622200132
42,295,3.5,1610048242
42,23,3.0,1665987872
42,282,2.0,1643034742
42,44,3.0,1632331952
42,148,2.0,1644411953
42,300,2.0,1637333618
42,205,4.0,1606757958
42,220,3.5,1668038903
42,223,1.5,1629891163
42,165,4.0,1673886264
42,173,3.0,1686344588
42,11,5.0,1650819877
42,19,2.5,1654126921
42,217,4.0,1631541166
42,33,3.5,1610580463
42,231,1.5,1661618633
42,102,3.0,1659618021
42,94,4.0,1676911446
42,160,2.5,1660142774
43,188,3.5,1660004467
43,6,2.5,1642421060
43,28,1.0,1615932563
43,117,1.5,1666756320
43,41,4.0,1687694240
43,130,3.5,1602384932
43,211,1.0,1613776553
43,169,3.5,1654148754
43,177,3.0,1655343143
43,224,2.5,1604809280
43,43,2.0,1674776858
43,38,4.0,1673698792
43,125,3.5,1600022778
43,283,3.0,1612199793
43,96,2.0,1681094790
43,261,4.0,1683089652
43,137,2.5,1685568918
43,157,3.0,1640882445
43,139,2.5,1668227936
43,287,2.0,1675475000
43,222,3.0,1627763104
43,78,3.0,1687858385
43,179,2.0,1661231190
43,266,3.0,1645748676
43,54,2.5,1648767001
43,158,3.5,1607284695
43,73,2.5,1629919562
43,161,3.0,1660996586
43,2,3.0,1644556611
43,291,2.5,1675182173
43,170,2.0,1683182506
43,37,3.0,1680524080
43,16,3.0,1663502927
43,148,2.5,1688203489
43,280,2.5,1648760568
43,50,3.0,1660737878
43,162,3.5,1615303956
43,57,3.5,1613077775
43,251,2.0,1688437437
43,20,3.5,1629762393
43,131,4.5,1600294869
43,114,2.5,1645816176
43,77,2.5,1647665946
43,218,2.5,1685048563
43,207,1.5,1639189370
43,198,3.5,1673509785
43,186,2.5,1670059652
43,103,2.5,1650182714
43,31,3.0,1614270328
43,208,3.0,1606144233
43,259,2.0,1622032560
43,297,2.0,1666091781
43,217,2.0,1618850770
43,278,4.5,1654923338
43,135,4.0,1614356130
43,27,3.0,1634130133
43,72,2.5,1681987136
43,109,2.5,1626296134
43,104,3.0,1625171649
43,69,4.5,1616206227
43,190,3.0,1652733674
43,281,3.0,1628935933
43,252,1.0,1661343676
43,35,3.0,1625579048
43,83,1.5,1645356673
43,233,2.0,1614464073
43,189,2.5,1655629268
43,268,2.5,1606241172
43,269,2.0,1684992096
43,49,2.0,1679028889
43,42,2.5,1616538199
43,185,2.5,1660465703
43,110,3.5,1661389561
43,124,2.5,1688376561
43,119,3.5,1679096676
43,53,1.0,1667672253
43,221,3.0,1618070539
43,156,2.5,1666951647
43,12,3.5,1600582186
43,173,2.0,1671184297
43,249,2.5,1606519170
43,59,1.5,1674252780
43,192,3.0,1658090825
44,207,3.0,1677652255
44,126,3.0,1623306944
44,235,3.5,1617231111
44,143,3.5,1613898777
44,288,2.5,1651996696
44,148,3.5,1688251083
44,151,2.5,1680603922
44,294,1.5,1681357521
44,34,2.5,1643197138
44,191,2.5,1667660514
44,286,3.5,1651628545
44,124,2.0,1656192230
44,155,3.0,1681737749
44,52,3.0,1633318046
44,292,2.5,1636721417
44,233,1.0,1653401206
44,282,3.5,1646017729
44,250,4.0,1639483304
44,80,3.0,1660779921
44,139,2.5,1617900864
44,97,2.0,1618546206
44,186,4.0,1655397759
44,20,5.0,1680869462
44,84,1.5,1668759020
44,9,3.5,1640119441
44,26,4.5,1673525272
44,275,2.5,1642132393
44,112,2.5,1674300459
44,95,1.5,1684903891
44,42,2.5,1629171224
44,2,3.0,1626962876
44,91,1.5,1628147161
44,276,4.0,1683774355
44,125,3.0,1639000919
44,76,4.0,1646344519
44,261,3.0,1617806897
44,43,1.5,1687253117
44,204,3.5,1623865616
44,283,4.0,1667631432
44,251,4.0,1672811973
44,15,2.5,1685480242
44,220,3.0,1643269298
45,241,2.0,1678222933
45,155,3.0,1676589761
45,183,3.5,1689544328
45,17,3.0,1656032939
45,140,2.5,1671659221
45,290,4.0,1638376603
45,71,2.0,1656691738
45,157,2.5,1601714029
45,136,5.0,1670159631
45,3,2.5,1614290224
45,163,1.0,1603391969
45,40,3.0,1651119548
45,217,2.5,1619505421
45,58,2.5,1607122263
45,137,2.0,1689959993
45,144,2.5,1607597364
45,75,2.0,1626830448
45,228,3.5,1635833216
45,9,2.0,1621600382
45,8,3.0,1638468887
45,70,5.0,1633629729
45,244,2.5,1619653285
45,215,4.0,1608325904
45,32,1.5,1639613096
45,174,3.5,1627380537
45,6,4.5,1672634888
45,298,2.0,1604336089
45,120,1.0,1648141541
45,52,2.5,1660746206
45,141,4.0,1613754633
45,68,2.5,1682692727
45,78,4.0,1675414925
45,101,4.5,1630106027
45,152,4.5,1686854901
45,124,2.0,1675332458
45,201,2.5,1652195484
45,195,2.5,1631889524
45,291,3.0,1668574830
45,231,1.5,1638606206
45,206,3.0,1689186817
45,27,2.5,1606305532
45,179,3.0,1651215153
45,46,3.0,1652016704
45,249,3.5,1655910573
45,245,4.5,1641963706
45,130,3.5,1674104909
45,113,3.0,1607221208
45,90,3.0,1601740164
45,181,4.5,1633734435
45,73,3.0,1627257905
45,270,4.0,1683290380
45,44,3.5,1659467023
45,262,4.0,1630272606
45,77,4.0,1685065651
45,283,4.0,1686923747
45,116,4.5,1649357377
45,194,2.0,1678971743
45,19,3.5,1673365441
45,267,2.5,1680985229
45,47,4.0,1626369633
45,257,3.0,1625970823
45,213,3.0,1639483865
45,33,2.5,1660238919
45,4,2.5,1623813700
45,110,2.5,1609995059
45,236,3.0,1625095571
45,156,3.0,1623326387
45,170,3.0,1668967357
45,185,4.0,1616019397
45,85,3.0,1650626689
45,258,1.5,1605453834
45,37,2.5,1657513345
45,112,2.5,1637461811
45,184,3.0,1674705402
45,221,3.5,1635465638
45,205,3.5,1617457234
45,45,3.0,1621599504
45,274,2.5,1678381281
45,135,3.0,1634227688
45,89,2.0,1600757677
45,254,1.5,1644367386
46,203,4.0,1620629718
46,199,4.5,1643302669
46,251,1.5,1680111922
46,184,3.0,1606825701
46,172,3.0,1683935292
46,193,4.0,1682625597
46,2,3.0,1688837400
46,176,5.0,1640420315
46,205,1.5,1665840632
46,38,1.5,1676863404
46,82,3.0,1673841249
46,112,4.5,1648061434
46,217,2.0,1609781894
46,114,3.5,1642662313
46,84,3.5,1670517332
46,288,2.5,1629522801
46,26,2.5,1624678492
46,148,3.0,1669874593
46,171,3.0,1609150490
46,197,4.5,1667798790
46,275,3.5,1621390345
46,141,3.5,1655825346
46,39,3.0,1672890984
46,65,3.0,1672079745
46,279,3.0,1654145722
47,25,2.5,1628635863
47,222,1.0,1689031246
47,215,2.5,1644544651
47,71,2.5,1644434998
47,202,2.5,1648425464
47,182,3.0,1639402883
47,11,2.5,1629319229
47,12,2.5,1682984217
47,101,3.5,1671202356
47,68,2.5,1663734252
47,84,2.5,1675341065
47,200,3.5,1687147586
47,251,2.0,1601181612
47,248,1.5,1615397719
47,158,3.5,1689783401
47,109,2.0,1646440312
47,92,3.0,1659816445
47,299,1.0,1632258945
47,235,1.0,1686203262
47,149,3.0,1682369566
47,106,2.5,1683366885
47,257,3.0,1632725927
47,115,4.0,1605352233
47,203,1.5,1643075436
47,17,2.5,1651186964
47,72,4.0,1615216804
47,190,1.5,1651791391
47,69,2.0,1634439001
47,66,1.0,1672509424
47,97,4.5,1637960665
47,167,1.0,1603315946
47,73,3.0,1669372824
47,209,1.5,1650326016
47,165,2.0,1669029393
47,176,3.5,1668281335
47,272,2.0,1659801634
47,217,3.0,1665337822
47,125,3.5,1605885670
47,288,3.0,1639786693
47,195,3.5,1687446634
47,88,3.5,1625838575
47,40,3.5,1642991650
47,226,2.0,1668973779
47,256,4.0,1611052218
47,45,3.0,1612879054
47,35,3.0,1622467350
47,27,3.0,1672205759
47,161,2.0,1671565674
48,204,3.5,1628290610
48,59,1.0,1689970857
48,292,2.0,1684492003
48,261,1.5,1628611881
48,299,3.0,1656936428
48,251,2.5,1613948820
48,217,3.0,1627592422
48,153,2.5,1672176148
48,106,2.0,1658416623
48,282,3.0,1686779969
48,150,3.5,1609679848
48,296,1.5,1620636590
48,1,5.0,1603188066
48,231,2.0,1661636167
48,143,1.0,1644522084
48,215,2.0,1605085015
48,222,1.5,1611746856
48,114,3.5,1609831184
48,167,3.0,1607283737
48,108,3.0,1623889703
48,101,2.5,1633810519
48,33,2.5,1674904794
48,115,2.5,1609454577
48,117,2.5,1677170132
48,230,3.5,1630554079
48,37,3.0,1634715141
48,70,3.0,1654711545
48,129,3.0,1652080854
49,221,4.0,1642467059
49,130,4.5,1602267067
49,69,3.5,1652278055
49,175,2.0,1615878730
49,5,3.5,1671784254
49,123,4.0,1600791740
49,203,1.5,1686090303
49,108,2.5,1682993446
49,94,2.0,1608487605
49,57,1.0,1678598977
49,61,2.5,1606109168
49,13,2.0,1609742790
49,181,1.5,1648009699
49,294,3.5,1667489633
49,14,2.0,1614245271
49,43,2.5,1638901209
49,268,3.5,1640446607
49,209,3.0,1681411889
49,265,1.5,1611610534
49,53,4.5,1637784631
49,179,4.0,1658743898
49,9,2.0,1651192463
49,163,4.0,1653031203
49,187,3.5,1688680762
49,150,3.0,1604136476
49,37,2.0,1663617549
49,283,3.0,1620981381
49,47,5.0,1671600831
49,106,3.5,1629509878
49,49,2.5,1618304809
49,250,2.5,1652478133
49,183,3.5,1673245898
49,112,3.0,1639591339
49,188,2.5,1685100169
49,161,3.0,1619337491
49,88,2.0,1640004466
49,99,2.5,1686965116
49,291,2.5,1650080729
49,3,4.5,1601496555
49,199,3.5,1674292758
49,245,2.5,1674500200
49,295,2.0,1618974879
49,33,4.0,1616540343
49,131,2.0,1605606696
49,165,1.5,1600675093
49,264,3.5,1676868988
49,8,3.5,1680081663
49,287,1.0,1652892750
49,168,2.0,1672095327
49,224,2.5,1673487621
49,59,2.5,1611425533
49,90,3.0,1640894954
49,233,1.0,1628192821
49,29,2.0,1646150987
49,260,3.5,1628418851
49,259,4.5,1655385548
49,11,3.0,1686695458
49,272,4.0,1668793658
49,54,1.5,1619120002
49,235,2.0,1621602928
49,228,4.0,1624695085
49,206,3.0,1629633659
49,240,3.5,1682796892
49,31,1.5,1633922427
49,279,2.5,1626082023
49,12,2.0,1615384377
49,275,2.5,1624341456
49,114,2.5,1676140729
49,182,2.5,1607299874
49,96,1.5,1673665549
49,23,2.5,1661909967
49,213,1.5,1686526748
49,300,3.0,1673774735
49,34,3.0,1609817298
49,242,2.0,1639010740
50,117,2.5,1677926229
50,127,3.0,1665389589
50,30,3.5,1644406060
50,193,2.5,1647934299
50,39,2.5,1617208745
50,68,3.0,1687976094
50,243,2.5,1631478466
50,213,4.5,1613427820
50,214,5.0,1638270459
50,37,1.5,1683150000
50,150,3.0,1609369589
50,51,4.0,1625970938
50,133,3.5,1642652506
50,207,5.0,1665211190
50,229,3.0,1660484679
50,130,1.5,1644069864
50,183,4.0,1682724080
50,264,3.0,1688506156
50,151,2.0,1641027069
50,116,3.0,1678405961
50,82,1.5,1620454105
50,297,4.5,1675907105
50,276,2.0,1676082915
50,141,2.0,1648921480
50,16,2.5,1642457517
50,23,4.0,1657486445
50,228,2.5,1622634412
50,143,3.0,1600648524
50,90,2.0,1642038976
50,220,1.5,1633041067
50,195,2.5,1629732676
50,136,3.5,1686011893
50,168,2.5,1658535581
50,290,3.5,1637135338
50,202,4.0,1648249394
50,223,2.0,1618026223
50,123,2.5,1644501625
50,72,4.5,1664418331
50,22,4.0,1662122457
50,147,1.5,1659774935
50,21,3.0,1648149482
50,84,3.5,1640999730
50,173,3.5,1665360192
50,280,2.0,1674044139
50,70,3.0,1614607269
51,176,3.0,1637663633
51,85,3.0,1618790705
51,110,3.5,1672292089
51,156,3.5,1626364647
51,223,3.5,1635330756
51,171,2.5,1684103363
51,154,3.5,1610262606
51,1,4.0,1610120010
51,208,4.0,1602500515
51,225,1.5,1668072320
51,42,1.5,1684775473
51,119,4.0,1604186818
51,95,4.0,1678100019
51,270,3.0,1677698748
51,3,2.5,1654376227
51,163,2.5,1679193333
51,213,3.5,1628556255
51,6,2.5,1604919926
51,185,3.0,1674033693
51,25,2.5,1634979330
51,13,2.0,1672943217
51,252,2.0,1672434236
51,27,4.0,1663364719
51,67,1.0,1687766064
51,93,3.0,1619949181
51,221,2.5,1649099345
51,226,3.5,1652680236
51,233,3.0,1629971710
51,196,2.5,1679134873
51,177,1.5,1639057246
52,59,2.0,1668506338
52,33,2.0,1612153955
52,287,3.5,1653255602
52,236,3.0,1648837208
52,256,4.0,1667399750
52,4,3.5,1601421591
52,197,2.5,1688943201
52,205,2.0,1632062038
52,296,1.5,1682414513
52,56,2.0,1622259144
52,192,2.0,1669006257
52,147,1.5,1618840235
52,17,3.5,1659890694
52,271,3.0,1621370471
52,189,2.5,1624044459
52,186,4.5,1676015183
52,218,4.0,1675942072
52,160,2.0,1688504955
52,253,3.5,1619622504
52,14,3.5,1664894729
52,134,1.5,1648156722
52,261,3.5,1605425057
52,217,3.0,1629369404
52,44,4.5,1665450221
52,60,2.5,1631104946
52,93,2.0,1608437082
52,249,2.5,1635481411
52,87,2.0,1649584751
52,95,1.5,1631409454
52,92,1.0,1605745651
52,70,2.0,1689736040
52,227,4.5,1627752746
52,111,3.0,1669509378
52,187,4.0,1648486337
52,170,2.5,1652088975
52,172,2.0,1663038607
52,207,4.0,1661021210
52,9,3.0,1606232730
52,5,2.0,1605355917
52,106,3.0,1687043518
52,165,4.5,1643496088
52,104,1.5,1613854626
52,113,3.0,1669977486
52,201,1.5,1685035920
52,27,3.5,1636707919
52,105,3.0,1635341684
52,275,3.0,1677662596
52,21,2.5,1673061428
52,283,2.0,1676525600
52,196,2.0,1623333727
52,142,3.5,1650554391
52,220,4.0,1687734815
52,140,3.0,1650803895
52,214,2.0,1649029303
52,184,3.0,1678876916
52,26,3.5,1687689346
52,246,2.5,1610447168
52,132,2.5,1669345320
52,143,3.0,1633767356
52,234,2.5,1650509993
52,232,3.0,1629917031
52,149,4.0,1669306247
52,264,1.0,1654471218
52,156,2.5,1647365168
52,235,2.0,1646309454
52,284,4.5,1665345452
52,25,2.5,1664707720
52,31,3.0,1681095825
52,210,4.5,1600885526
52,30,1.5,1667355419
52,72,2.0,1618652010
52,265,3.5,1659042204
52,155,1.5,1622227237
52,206,2.0,1630868838
52,94,1.5,1610346606
52,191,3.5,1669060560
52,136,2.0,1686366021
52,242,3.0,1637689614
52,153,4.0,1628389345
52,46,2.0,1620164926
52,117,1.0,1625086055
52,15,2.5,1621120146
52,230,2.5,1648616740
52,297,2.5,1680801793
53,213,3.5,1655648506
53,183,2.0,1644322017
53,26,4.0,1615212062
53,180,4.0,1664628070
53,278,3.5,1664265413
53,249,3.0,1664293132
53,147,1.0,1628280205
53,210,3.0,1679294612
53,135,1.5,1621642106
53,41,3.0,1686873663
53,162,1.0,1655149958
53,221,1.0,1603012656
53,84,3.0,1632704875
53,235,2.0,1605790734
53,33,1.5,1617164449
53,241,2.5,1676972056
53,236,1.5,1679503557
53,170,4.5,1621626387
53,36,5.0,1618082355
53,42,2.5,1684495485
53,154,3.5,1668805754
53,12,4.5,1605260108
53,96,3.5,1676808685
53,86,4.0,1619711900
53,97,2.0,1607504382
53,234,1.0,1622325960
53,223,1.5,1634663022
53,194,2.0,1624164229
53,167,3.0,1669342339
53,116,1.5,1654419425
53,288,3.0,1680444404
53,3,2.5,1675645742
53,296,2.0,1685580271
53,53,3.5,1602499138
53,87,3.0,1688817918
53,272,2.0,1638044635
53,222,3.5,1611508969
53,144,3.5,1629070676
53,298,2.5,1660291054
53,175,3.5,1681406527
53,91,2.5,1663272042
53,219,3.5,1664648438
53,126,3.5,1622893086
53,70,4.5,1629442512
53,115,2.5,1655132193
53,79,2.5,1680643207
53,104,3.5,1619154498
53,252,3.5,1678201440
53,206,4.0,1624412077
54,14,4.5,1645992559
54,204,3.0,1660863732
54,50,3.0,1680065352
54,244,2.5,1679268452
54,284,3.5,1609239937
54,12,1.5,1630845084
54,88,2.5,1650762668
54,80,2.0,1651735818
54,82,4.0,1617745355
54,271,3.5,1614572034
54,119,3.0,1602222998
54,125,2.5,1627158762
54,47,4.5,1670157128
54,234,5.0,1667693989
54,289,3.0,1656343932
54,178,3.0,1620073763
54,175,2.5,1681270313
54,101,1.5,1612924976
54,238,2.5,1623813202
54,290,1.5,1663870080
54,132,1.0,1682510102
54,262,4.0,1680505645
54,5,2.5,1605239398
54,139,2.0,1671327320
54,231,1.0,1667555702
54,58,2.5,1615772785
54,252,2.5,1612507745
54,30,4.0,1664725282
54,26,2.5,1688502178
54,44,2.0,1617492440
54,45,3.5,1680996996
54,59,2.5,1672381739
54,51,1.0,1600161088
54,138,3.0,1687138408
54,188,4.0,1657914523
54,199,2.5,1670067590
54,264,3.5,1656463253
54,147,3.5,1649711219
54,48,4.5,1605830187
54,92,2.5,1671110769
54,77,2.5,1657573535
55,153,3.0,1651168696
55,264,4.0,1647045704
55,13,3.0,1679060695
55,286,3.5,1677325627
55,143,3.5,1613115341
55,130,3.0,1657108220
55,262,2.5,1617969486
55,32,2.0,1634160831
55,23,4.0,1664040812
55,144,3.0,1631207351
55,248,3.0,1611249805
55,40,3.5,1638019408
55,265,1.0,1680301439
55,283,3.0,1672978342
55,230,1.5,1654847632
55,275,3.5,1634601998
55,102,2.5,1625369971
55,132,3.0,1600734097
55,7,3.0,1600954835
55,38,4.5,1677576121
55,106,2.0,1670134216
55,211,3.0,1615814687
55,101,3.5,1669761254
55,152,1.5,1600965569
55,112,2.0,1650335658
55,67,2.5,1687851693
55,92,3.5,1627570830
55,244,3.0,1642399610
55,82,1.5,1654874257
55,74,2.5,1648623028
55,137,4.0,1614305357
55,162,2.5,1620774029
55,81,2.5,1657186360
55,292,3.0,1687453041
55,49,3.0,1678567056
55,2,2.0,1634042008
55,266,3.0,1635071480
55,199,2.5,1671954780
55,206,3.0,1656849468
55,250,2.5,1675788756
55,109,4.0,1649075919
55,249,2.0,1682125234
55,216,2.0,1636985109
55,207,3.5,1653345392
55,172,2.5,1627339300
55,41,3.0,1655462544
55,234,2.5,1674102271
55,168,3.5,1674834795
55,269,2.0,1664755726
55,134,2.5,1623987338
55,108,3.0,1649689143
55,27,3.5,1675040303
55,204,2.0,1674478941
55,157,4.0,1664929189
55,177,3.0,1634061458
55,114,2.0,1641158280
55,97,3.0,1677531025
55,165,3.0,1646218720
55,163,3.0,1653436070
55,181,3.5,1618531242
55,52,2.5,1688487446
55,223,2.0,1615983420
55,148,3.5,1630839382
55,235,2.5,1659940949
55,51,1.5,1621715773
55,65,3.0,1613459168
55,4,4.0,1628784084
55,95,2.5,1668228715
55,219,3.0,1653762374
55,294,3.5,1645424358
55,227,3.5,1673897088
55,259,2.5,1682413089
55,288,1.5,1606986408
55,214,1.0,1621573890
55,212,2.5,1652224611
55,1,3.5,1685345915
55,117,2.5,1600710096
55,61,3.0,1612225702
55,46,2.0,1619505652
55,194,2.5,1663306295
55,185,3.0,1680563579
56,100,4.0,1629765498
56,111,3.5,1649772648
56,274,2.0,1610742751
56,15,2.5,1681742470
56,187,2.5,1605067435
56,286,3.0,1651583363
56,259,3.5,1653773642
56,151,1.0,1682405066
56,103,3.0,1688070348
56,157,1.5,1669928180
56,75,2.5,1638449249
56,150,4.0,1680191410
56,105,2.5,1607712557
56,231,4.5,1623524492
56,200,3.0,1685938445
56,40,2.0,1666353000
56,279,3.0,1658917831
56,185,2.5,1601437525
56,71,1.5,1627072687
56,97,1.5,1688165507
56,210,3.0,1669545356
56,121,4.5,1638387144
56,214,2.5,1626138432
56,221,2.0,1604510970
56,257,4.0,1680465529
56,24,1.5,1668524572
56,126,5.0,1669231333
56,233,2.0,1631094351
56,158,2.0,1682569402
56,26,2.0,1622747608
56,273,3.5,1604840043
56,90,4.5,1648283485
56,149,2.0,1632112480
56,79,3.5,1687915178
56,227,1.5,1600038556
56,96,5.0,1621131878
56,116,4.0,1611655844
56,288,4.5,1637035619
56,248,2.5,1653611082
56,102,2.0,1647395992
56,135,2.5,1689880518
56,281,2.5,1653035211
56,115,3.0,1654418707
56,246,3.0,1678662348
56,199,3.5,1626885204
56,99,3.0,1669490249
56,21,3.0,1602062459
56,39,2.5,1609209640
56,263,3.0,1612101856
56,45,3.5,1673765077
56,31,2.0,1638184109
56,85,2.5,1675042992
56,249,2.0,1678239864
57,149,3.0,1630372869
57,241,2.0,1681384718
57,38,2.0,1626108729
57,129,2.5,1661036720
57,212,4.5,1654218119
57,161,3.0,1677162674
57,130,1.5,1600624307
57,233,2.5,1635045256
57,269,2.0,1623492771
57,21,2.5,1654644684
57,274,3.0,1667946127
57,236,2.5,1614289484
57,64,4.0,1674978145
57,298,2.5,1609715480
57,263,2.0,1667534222
57,244,2.0,1639493811
57,22,2.0,1645629449
57,171,3.0,1615704681
57,69,3.0,1668892172
57,146,5.0,1634587020
57,35,1.5,1672196170
57,292,2.5,1677160950
57,118,2.0,1633573422
57,158,3.0,1659427400
57,163,3.5,1650610858
57,277,3.5,1675587210
57,72,1.5,1664911705
57,117,3.0,1632651583
57,230,1.0,1645588495
57,43,1.0,1661585593
57,23,3.5,1661836850
57,284,3.0,1678762521
57,281,3.0,1603670948
57,191,5.0,1664688940
57,108,2.5,1615605267
57,59,2.5,1634603983
57,99,3.5,1609066979
57,287,2.5,1651361533
57,221,3.0,1685048646
57,205,3.0,1629579214
57,203,2.0,1630860700
57,1,3.0,1642376656
57,243,5.0,1655354876
57,102,3.5,1647391778
57,192,2.0,1669324022
57,32,5.0,1671893982
57,20,3.0,1601305024
57,106,3.0,1635346197
57,202,2.5,1633320572
57,36,3.0,1638559355
57,160,2.5,1612483514
57,82,2.5,1653543563
57,194,2.5,1645901507
57,28,3.5,1610204415
57,89,3.5,1674430642
58,168,1.5,1647451057
58,40,2.5,1629335449
58,7,3.5,1677002404
58,162,1.0,1636114740
58,71,2.5,1624532913
58,205,3.0,1625523849
58,212,2.5,1666974557
58,78,2.0,1626798789
58,73,3.0,1631522559
58,181,1.5,1632488275
58,157,3.0,1635622106
58,195,2.0,1627753358
58,263,4.0,1630763714
58,145,1.5,1627214866
58,256,2.0,1633513553
58,274,3.0,1683026670
58,3,2.5,1647785185
58,155,2.0,1620937370
58,161,2.5,1614319594
58,84,1.5,1616089818
58,270,2.5,1610534423
58,184,3.0,1689043272
58,127,3.5,1666124358
58,72,4.0,1682386462
58,22,2.5,1600889014
58,273,1.5,1672675403
58,149,3.0,1605672460
58,159,3.5,1664732147
58,85,2.5,1649821155
58,35,1.5,1683304578
58,180,2.5,1642334540
58,16,3.0,1666080806
58,198,3.5,1677110685
58,122,2.0,1636874043
58,28,2.0,1665874779
58,221,3.0,1624544645
58,129,3.5,1668603195
58,106,3.5,1637616749
58,207,3.5,1653402482
58,197,3.0,1629808788
58,86,2.5,1677398691
58,223,2.5,1617212880
58,214,3.0,1607267644
58,272,2.5,1670563016
58,45,3.5,1656797703
58,236,1.5,1664199033
58,250,1.5,1672580645
58,275,1.5,1604370484
58,75,2.0,1667441081
58,179,3.5,1646612335
58,166,1.5,1652843790
58,15,1.5,1623461307
58,163,3.0,1661363812
58,76,3.5,1616155543
58,243,3.5,1669552316
58,111,3.5,1661749629
58,280,3.5,1642365995
58,123,4.0,1601129926
58,118,1.0,1601586450
58,158,1.5,1628286706
59,278,1.5,1648533442
59,166,2.0,1682245683
59,159,2.5,1634856447
59,143,2.0,1625119175
59,220,2.0,1673626933
59,29,3.0,1635279000
59,280,4.0,1631828278
59,174,3.0,1636159360
59,297,5.0,1663262903
59,74,2.0,1682286747
59,135,1.5,1646049627
59,238,5.0,1649113508
59,186,2.0,1624684475
59,20,1.5,1666943778
59,131,1.0,1656900650
59,79,3.5,1628257191
59,293,3.0,1656249702
59,206,2.5,1649970552
59,120,2.5,1648999937
59,40,3.5,1653766628
59,4,2.5,1637531240
59,240,4.5,1660495821
59,197,2.5,1624144323
59,118,4.5,1676693314
59,96,4.0,1617601200
59,247,3.5,1677295013
59,7,3.0,1630677709
59,193,3.0,1613404289
59,93,4.0,1636231955
59,16,2.0,1631649234
59,147,2.5,1674536479
59,271,4.5,1658011418
59,63,4.5,1651121302
59,164,3.5,1626315159
59,8,4.0,1619574814
59,78,2.0,1620072000
59,14,3.0,1663483243
59,146,3.5,1601307588
59,51,2.0,1623703827
59,160,2.0,1656575546
59,148,4.0,1667054885
59,3,2.0,1618048483
59,172,2.5,1684644676
59,48,4.5,1669391501
59,189,4.5,1671669929
59,276,3.0,1642376193
59,245,2.5,1665313057
59,10,2.0,1640269906
59,196,3.0,1633685164
59,87,4.0,1675448945
59,182,3.0,1676213459
59,155,4.5,1606403434
59,188,3.0,1653472598
59,2,2.5,1613284172
59,227,3.0,1621923376
59,99,1.5,1608057946
59,103,2.5,1628919534
59,181,3.0,1634130183
59,19,4.0,1663960038
59,204,5.0,1684538675
59,88,3.0,1612925420
60,58,3.5,1648447502
60,158,2.5,1648359530
60,204,2.0,1675208908
60,230,2.5,1674825240
60,149,4.0,1634589898
60,265,3.5,1646189726
60,257,2.0,1602662253
60,50,3.0,1655265613
60,296,1.5,1616272220
60,103,4.0,1647122567
60,165,1.5,1681279039
60,287,2.5,1626703705
60,53,1.5,1677424000
60,117,2.5,1677295245
60,7,3.5,1687223468
60,199,3.0,1687124881
60,52,3.0,1672267959
60,272,2.0,1623426205
60,223,2.5,1638199537
60,261,2.5,1647661928
60,109,4.0,1643632879
60,148,2.5,1668510704
60,219,3.5,1665430302
60,273,2.5,1659985944
60,255,1.0,1610523679
60,187,3.0,1651146483
60,217,2.5,1682364557
60,262,2.5,1638456543
60,108,4.5,1662243750
60,140,3.5,1684786974
60,37,2.5,1619441214
60,229,2.5,1622491607
60,159,2.0,1685977279
60,90,3.0,1645283492
60,6,3.5,1656615250
60,151,3.5,1684728082
60,212,3.5,1682182875
60,133,2.5,1676723896
60,84,4.0,1654327674
60,267,1.5,1609575640
60,188,4.0,1610618223
60,49,3.0,1621743203
60,72,5.0,1646120632
60,2,3.0,1630630893
60,129,4.0,1642074850
60,47,2.5,1642530677
60,162,3.5,1687645934
60,42,3.0,1639105187
60,13,2.5,1635899536
60,243,2.0,1681253395
60,78,2.5,1686522692
60,173,3.0,1653077115
60,269,2.5,1636406303
61,278,2.5,1678775038
61,149,2.0,1669918804
61,1,3.5,1660436720
61,79,2.5,1655564671
61,153,1.5,1622457056
61,259,2.5,1624680787
61,123,2.0,1603100576
61,254,2.5,1616782572
61,9,3.0,1631491128
61,121,2.5,1688855162
61,174,3.0,1633775489
61,188,2.5,1610746107
61,20,3.0,1628262427
61,192,3.0,1622402343
61,113,3.0,1653290556
61,57,2.5,1613825676
61,37,3.5,1612825003
61,25,3.5,1608562070
61,13,3.0,1663509922
61,54,2.5,1673609531
61,269,3.0,1607224328
61,111,3.0,1603538638
61,245,4.0,1653286118
61,221,1.0,1670327779
61,283,1.5,1611173787
61,40,3.5,1613949034
61,5,1.5,1635225746
61,42,3.0,1682960269
61,167,2.5,1620840572
61,29,2.0,1611316066
61,222,3.0,1687890153
61,8,3.0,1652324272
61,102,4.5,1641523026
61,286,2.0,1630783635
61,258,4.0,1633204998
61,247,3.0,1638141360
61,215,3.0,1659479985
61,181,4.0,1684084814
61,169,4.0,1616966692
61,213,2.5,1617619715
61,67,3.0,1670698159
61,273,2.0,1622898616
61,210,2.0,1603834774
61,208,3.0,1604718421
61,282,3.5,1689060057
61,105,3.5,1647894420
61,120,3.0,1643647781
61,65,3.0,1663908407
61,4,1.5,1662705646
61,237,4.5,1672555977
61,147,2.5,1636562845
61,142,2.5,1673624500
61,129,4.0,1659706076
61,101,3.5,1618134815
61,63,3.0,1672381952
61,288,3.0,1623761455
61,295,4.0,1679299984
61,94,3.5,1680206393
61,106,3.5,1661276220
61,104,2.5,1684697764
61,270,2.5,1685342494
61,249,4.0,1675696716
61,252,2.5,1658381674
61,12,4.0,1670257585
61,159,1.0,1685870691
61,72,3.0,1685836028
62,184,4.0,1630484663
62,56,3.5,1612019737
62,226,3.0,1659305486
62,60,2.5,1641321368
62,87,1.0,1649094606
62,221,4.5,1655325058
62,205,4.0,1634870711
62,29,1.0,1620900054
62,34,4.5,1640744867
62,164,3.5,1601416778
62,117,2.5,1600012394
62,64,1.5,1670238316
62,161,1.0,1618293937
62,85,1.0,1646155452
62,24,3.5,1638488577
62,82,3.5,1662974683
62,187,4.0,1671819757
62,118,3.5,1601116303
62,193,2.5,1666025948
62,67,5.0,1664030858
62,93,2.0,1640213043
62,262,2.5,1601225756
62,125,2.0,1657772049
62,126,5.0,1639315407
62,5,3.5,1680128487
62,212,3.0,1631033204
62,192,1.5,1600968781
62,181,4.5,1673579795
62,109,2.0,1650149632
62,273,2.5,1625309568
62,142,1.5,1655262252
62,95,3.0,1675236332
62,222,3.0,1658667423
62,25,3.0,1652982727
62,119,2.0,1633540489
62,266,3.0,1621913660
62,113,2.0,1686703417
62,233,3.5,1652307771
62,12,2.0,1650782359
62,200,2.5,1629607414
62,201,1.5,1635296615
62,289,2.5,1610631350
62,98,1.5,1656672010
62,38,3.5,1683929434
62,292,2.0,1632153442
62,73,2.5,1669338228
62,104,4.0,1682304487
62,35,2.5,1636489118
62,261,2.5,1638208680
62,83,4.0,1687034430
62,45,4.0,1671396350
62,120,4.0,1636080681
62,28,2.0,1655419020
62,168,2.5,1625233016
62,26,4.0,1609189076
62,160,2.5,1624482277
62,256,2.5,1618337367
62,110,3.0,1638868823
62,286,3.5,1614811778
62,49,2.5,1685482292
62,228,2.5,1661115104
62,105,2.0,1682910238
62,254,3.0,1660769389
62,32,3.5,1636525224
62,111,4.5,1683584597
62,198,1.5,1666034587
62,116,3.0,1625204672
62,137,3.0,1643036072
62,250,2.5,1602603206
62,206,1.0,1620421134
62,18,3.0,1606661503
62,112,2.0,1671802559
62,227,1.0,1602970357
62,133,4.0,1624956121
62,208,4.0,1613726915
62,268,2.0,1637864772
62,255,3.5,1636130759
62,251,3.5,1616782477
62,59,2.5,1658843284
62,258,4.0,1601101134
62,219,4.5,1631247296
62,170,3.0,1612106034
62,139,1.0,1620224423
62,76,1.0,1601976335
62,185,4.5,1666247126
62,236,2.0,1629150491
62,9,2.0,1645890766
62,241,4.0,1656404064
62,276,3.0,1641819114
63,202,3.5,1644325223
63,140,3.0,1610767361
63,64,3.5,1619607576
63,121,3.5,1607521339
63,232,2.5,1635769504
63,201,3.5,1652669959
63,120,3.0,1609581091
63,300,4.5,1672905989
63,204,2.0,1663102032
63,257,2.5,1624374441
63,107,3.0,1625795612
63,59,3.0,1633565097
63,226,2.5,1651214452
63,241,1.5,1601693222
63,223,2.5,1616369402
63,128,3.5,1633415162
63,142,2.5,1651646699
63,269,2.5,1659453211
63,28,4.0,1633173547
63,208,3.5,1604497675
63,197,2.5,1626733470
63,152,3.0,1661852177
63,161,3.0,1612611138
63,77,4.5,1669946108
64,256,4.0,1643360807
64,269,4.0,1621288466
64,98,3.5,1684444996
64,267,2.5,1605662097
64,146,2.5,1673763371
64,139,4.5,1669917538
64,21,2.0,1616393556
64,171,3.0,1633999060
64,114,2.5,1664589542
64,183,4.0,1685700705
64,251,3.0,1640106013
64,226,3.5,1626672234
64,17,3.0,1648375646
64,66,5.0,1606991067
64,86,3.0,1689482259
64,42,2.5,1629231043
64,39,5.0,1615157001
64,283,2.5,1631670798
64,191,3.5,1684947603
64,200,3.0,1658272190
64,289,4.0,1643555463
64,177,4.0,1602022353
64,193,4.5,1622462726
64,115,1.5,1637057520
64,151,4.0,1678476684
64,63,4.5,1616059096
64,74,4.0,1653124490
64,290,1.5,1632626898
64,18,2.0,1601198544
64,65,4.0,1605636254
64,15,2.0,1677990837
64,250,1.5,1663789750
64,243,2.0,1680022258
64,102,3.5,1620802666
64,143,4.0,1649848284
64,208,2.5,1612009789
64,30,2.0,1633382936
64,294,3.5,1621165928
64,94,3.0,1667098020
64,222,4.0,1612267708
64,257,2.5,1683033107
64,298,1.0,1645422244
64,28,3.0,1683903841
64,87,3.5,1608060088
64,202,4.5,1608022882
64,293,3.0,1647716774
64,136,4.5,1686513378
64,8,1.5,1620658582
64,117,3.5,1671988124
64,85,2.5,1614413864
64,110,2.0,1616888275
64,221,4.5,1665477163
64,20,2.5,1631229060
64,90,2.5,1642512063
64,68,3.5,1674940527
64,159,2.5,1686522918
64,203,2.5,1646616197
64,190,5.0,1658883853
64,44,3.5,1625899364
65,284,3.0,1648072427
65,199,2.5,1618083446
65,57,2.0,1633647879
65,106,3.5,1605300062
65,47,1.5,1665136149
65,52,2.5,1658720256
65,100,4.5,1675031037
65,74,2.0,1639555923
65,270,1.5,1672844534
65,61,2.5,1665779034
65,220,2.5,1625471281
65,131,2.0,1676061419
65,278,1.5,1625048615
65,80,3.5,1672963514
65,173,3.0,1646662763
65,251,2.0,1643443711
65,9,1.5,1662866875
65,162,3.0,1636953423
65,197,1.5,1680353461
65,42,2.0,1674426456
65,192,4.5,1621520928
65,105,3.5,1609244458
65,15,2.0,1671288059
65,256,3.0,1620807167
65,102,2.0,1660315326
65,28,2.5,1639684512
65,34,1.0,1635346140
65,160,4.5,1672693120
65,120,2.5,1649273033
65,32,2.0,1660945449
65,183,3.0,1600096613
65,249,2.0,1685634408
65,168,2.0,1667908497
65,137,3.0,1650874366
65,86,1.5,1624901990
65,300,2.0,1602512536
65,96,2.5,1683179370
65,169,2.5,1648865345
65,193,2.5,1683241474
65,297,2.5,1632049389
65,150,4.0,1643042832
65,275,3.0,1608501586
65,171,2.0,1688354109
65,241,2.5,1672337519
65,44,2.5,1652008140
65,115,1.5,1625483846
65,273,2.0,1670339453
65,3,3.0,1666779917
65,175,3.0,1674016756
65,49,3.0,1620687181
65,17,1.0,1682280734
65,206,2.0,1638000942
65,211,3.0,1643298644
65,151,4.0,1655003032
65,88,2.5,1686020669
65,69,2.5,1643221337
65,146,2.5,1614826245
65,235,1.5,1612919301
65,269,3.0,1670222787
65,123,1.5,1688434857
65,2,3.5,1608949617
65,276,2.5,1605875684
65,247,2.5,1617418007
65,195,1.5,1623976493
65,217,2.0,1604197492
65,99,4.0,1627122588
65,119,2.5,1614368701
65,45,2.0,1665145297
66,14,1.5,1676639957
66,266,3.5,1686134450
66,22,2.5,1652156850
66,287,1.5,1688304696
66,221,2.5,1665754558
66,41,3.0,1670574548
66,42,2.5,1683747900
66,94,3.5,1679228847
66,241,1.5,1634351488
66,36,3.0,1606588161
66,264,3.0,1649171204
66,249,3.0,1629624910
66,87,2.5,1681329718
66,294,3.0,1609512542
66,103,3.0,1601756387
66,79,2.5,1628016352
66,128,4.0,1688013189
66,186,2.0,1665955329
66,193,2.5,1610731620
66,46,1.5,1662821834
66,175,2.5,1685753950
66,133,3.5,1608147041
66,156,2.5,1648442674
66,276,3.5,1674896161
67,89,2.5,1682803389
67,124,4.0,1635677170
67,108,2.5,1671003974
67,254,4.0,1605456373
67,27,3.5,1609447334
67,54,4.0,1640789378
67,273,4.0,1610460308
67,80,4.5,1628977615
67,278,4.5,1669724133
67,138,3.0,1613035125
67,12,3.0,1613586205
67,264,2.0,1631006711
67,50,3.5,1671358338
67,179,3.0,1651718263
67,24,2.5,1625428946
67,176,3.5,1625920053
67,16,2.5,1670624297
67,72,4.0,1688164473
67,60,2.5,1633388408
67,20,2.5,1676507818
67,59,2.5,1683929707
67,219,2.5,1624011268
67,168,3.0,1674950330
67,180,4.0,1674912498
67,71,2.0,1655725133
67,5,2.0,1614161873
67,137,4.0,1685714702
68,121,2.5,1613972387
68,151,4.0,1622388767
68,258,3.5,1624212413
68,205,4.0,1673815115
68,181,2.5,1653896091
68,236,2.5,1667738718
68,65,4.5,1645300210
68,284,2.5,1688252435
68,264,2.0,1621230084
68,257,3.0,1671658908
68,250,3.5,1680519326
68,215,3.5,1659460086
68,91,2.0,1647288136
68,223,4.0,1642299387
68,164,4.0,1673830667
68,149,2.0,1643574336
68,268,2.0,1649891348
68,80,3.5,1655343779
68,122,4.5,1684992144
68,158,3.5,1657792552
68,82,5.0,1643412847
68,225,4.0,1681659860
68,169,1.5,1632309234
68,216,3.5,1675584002
68,39,2.0,1673232714
68,163,3.0,1628712948
68,283,4.5,1650340113
68,117,2.5,1673851788
68,292,3.5,1634103265
68,52,3.0,1648319528
68,150,3.5,1660720566
68,101,4.0,1660062404
68,271,2.0,1653296593
68,112,2.0,1600026256
68,124,3.0,1604652375
68,260,2.5,1638182550
68,76,3.0,1679961933
68,11,4.0,1602188077
68,170,3.5,1669472352
68,97,4.0,1618130896
68,137,3.0,1640512501
68,114,2.0,1600881653
68,247,3.0,1640310141
68,29,2.5,1629781129
68,134,3.5,1628833029
68,187,2.5,1642265790
68,81,2.0,1602912708
68,69,3.5,1637038339
68,206,1.5,1674311410
68,296,2.5,1668621697
68,172,4.0,1674668420
68,133,4.5,1676593789
68,23,2.0,1676720441
68,234,3.0,1620765467
68,47,3.5,1612655004
68,148,2.0,1605064880
68,185,3.5,1661789789
68,201,2.5,1647735307
68,4,4.0,1620952341
68,191,3.0,1618576833
68,83,3.0,1635566111
68,289,3.5,1649269031
68,55,2.5,1678135616
68,64,1.0,1633535226
68,12,3.0,1631271945
68,276,5.0,1634392465
68,120,3.5,1640305910
68,156,2.0,1612335296
68,224,3.5,1676569490
68,256,4.0,1653660012
68,229,4.5,1676378602
68,251,4.0,1629183937
68,269,3.0,1610361818
68,287,3.0,1643579429
69,184,1.0,1679890579
69,87,4.0,1686201956
69,170,1.5,1640318100
69,39,3.0,1605015930
69,52,2.5,1677347488
69,110,1.5,1651210252
69,93,2.5,1610533057
69,270,1.0,1607505818
69,4,3.5,1644881018
69,16,3.0,1646698401
69,12,1.5,1658291349
69,290,3.0,1655904597
69,64,2.0,1616178675
69,1,2.0,1630429530
69,114,2.5,1687614538
69,192,3.0,1680839556
69,113,1.5,1601534696
69,118,1.5,1685078886
69,65,2.0,1684851591
69,63,2.0,1651336531
69,120,3.0,1607264930
69,142,3.5,1640907334
69,249,2.5,1670381542
69,208,1.5,1605527388
69,153,3.5,1642857940
69,137,1.0,1672468141
69,32,3.0,1675821325
69,235,3.0,1620076290
69,189,2.0,1643866598
69,185,4.0,1667431202
69,62,2.0,1629634895
69,79,3.5,1620561818
70,74,3.0,1659809598
70,139,3.0,1679877290
70,215,3.5,1677209399
70,249,2.5,1667743626
70,245,2.0,1612090729
70,120,4.0,1629807828
70,24,2.5,1657973424
70,253,2.5,1638894019
70,235,3.0,1652925057
70,50,1.5,1619865888
70,132,2.5,1617742113
70,274,1.5,1645119729
70,81,2.5,1611079017
70,212,2.5,1663868130
70,146,2.0,1676697457
70,69,3.0,1606618423
70,118,2.5,1673571770
70,90,2.5,1653578549
70,186,1.5,1635239935
70,192,3.5,1611419108
70,19,2.5,1653489393
70,102,1.5,1667353558
70,55,2.5,1658316409
70,279,3.5,1617498659
70,155,1.5,1618102047
70,247,2.0,1664548325
70,239,3.5,1675067462
70,200,4.5,1626589676
70,202,3.0,1665479608
70,14,2.5,1653058791
70,93,2.5,1687543303
70,41,2.5,1676682706
70,6,3.0,1626320002
70,259,3.0,1675318641
70,1,3.5,1682677695
70,297,3.5,1670363346
70,138,2.5,1633050557
70,45,1.0,1632522981
70,266,2.0,1609615892
70,157,1.5,1635736421
70,126,2.0,1657722445
70,299,1.5,1643407575
70,48,1.5,1677311859
70,150,4.5,1612025190
70,5,1.0,1615103503
70,70,2.5,1655510043
70,187,3.5,1656846657
70,136,2.5,1649025393
70,288,3.5,1646749089
70,2,2.0,1625567100
70,117,4.0,1643048774
70,211,1.5,1646241350
70,172,3.5,1679708841
70,83,2.0,1687967622
70,128,4.0,1603248985
70,60,2.0,1640912093
70,236,3.5,1622717056
70,217,3.5,1646938140
70,278,2.0,1682707781
70,177,3.5,1659352435
70,185,2.5,1683642093
70,258,1.5,1619571424
70,142,3.0,1659118000
70,113,2.0,1606023362
70,104,2.0,1631338443
70,78,2.0,1626801295
70,243,3.0,1650173377
70,295,2.0,1620936786
70,76,1.5,1611517819
70,26,2.0,1615082279
71,43,3.0,1638612439
71,105,3.5,1601843251
71,184,3.5,1646073103
71,186,1.0,1614935479
71,171,2.5,1640952251
71,182,3.0,1660406241
71,39,5.0,1663242092
71,71,4.0,1603053200
71,111,2.0,1644543739
71,149,2.0,1628052785
71,122,2.0,1672209870
71,118,3.0,1628437423
71,132,2.0,1627353754
71,20,2.5,1673339816
71,44,2.5,1670231557
71,65,2.5,1634716489
71,139,3.0,1673658696
71,165,2.5,1664830696
71,214,2.0,1683623280
71,204,2.5,1618971329
71,90,3.5,1689692417
71,91,4.0,1602468064
71,34,2.5,1650547291
71,227,3.0,1678249598
71,70,2.5,1689057266
71,136,3.5,1670705777
71,61,4.0,1605836056
71,208,3.5,1634286770
71,279,3.0,1622859916
71,126,3.5,1608067834
71,230,3.0,1638119652
71,248,4.0,1626936968
71,133,2.0,1682941828
71,291,3.0,1636410780
71,228,3.0,1607124981
71,141,2.5,1662405984
71,254,2.0,1687880113
71,206,2.0,1601118594
72,218,3.0,1688983888
72,237,2.0,1688597172
72,267,1.5,1648347794
72,238,4.0,1614480943
72,190,2.0,1602560649
72,154,3.0,1639258091
72,75,3.0,1687162488
72,220,2.5,1651878269
72,123,4.0,1631026926
72,33,2.5,1651096850
72,241,5.0,1668255127
72,49,4.5,1613368583
72,247,3.5,1642339783
72,120,3.0,1665050252
72,291,1.0,1680142265
72,122,3.0,1671344862
72,44,1.5,1611813934
72,269,2.5,1625020518
72,73,4.0,1626692577
72,186,4.0,1667196215
72,199,4.0,1661469875
72,107,2.5,1675254207
72,108,3.5,1602884132
72,46,1.0,1605335477
72,244,1.5,1633204410
72,171,2.5,1671056927
72,48,3.5,1640926679
72,129,2.5,1644770958
72,192,3.0,1665757673
72,119,1.5,1652801229
72,1,2.5,1621072888
72,188,3.0,1602465878
72,233,4.0,1646544010
72,111,2.0,1647232974
72,9,2.5,1647698045
72,146,1.5,1683917080
72,264,2.5,1640577537
72,53,3.5,1631702866
72,217,2.5,1667276832
72,69,2.0,1637027755
72,223,3.0,1608322800
72,228,4.5,1683992429
72,135,4.5,1634585138
72,253,3.0,1651965156
72,299,3.0,1603954845
72,176,4.0,1674482698
72,290,3.0,1637606981
72,271,3.0,1630277197
72,74,2.5,1620361927
72,103,4.5,1645873760
72,197,3.0,1652726977
72,20,2.5,1688171888
72,216,2.0,1618422816
72,43,1.0,1611783647
73,103,1.5,1656013532
73,162,2.5,1632260681
73,210,3.0,1676893142
73,297,3.0,1620501644
73,187,2.5,1657239162
73,232,2.5,1641927304
73,252,3.0,1681251236
73,2,3.5,1644195849
73,174,2.5,1660286467
73,275,4.5,1672777382
73,229,4.5,1617686156
73,164,4.0,1627750491
73,165,2.0,1687573396
73,57,2.0,1618599426
73,80,2.0,1677984620
73,234,4.5,1672659280
73,71,1.5,1627153619
73,286,4.0,1618536762
73,117,1.5,1641473062
73,212,3.5,1670303981
73,138,2.5,1618153282
73,260,3.5,1657722252
73,104,4.5,1619482024
73,184,4.5,1688077934
73,254,4.5,1675812116
73,157,2.5,1621212832
73,13,1.5,1642613620
73,47,2.5,1609101846
73,231,1.0,1674804948
73,206,1.5,1671532887
73,79,2.5,1615889673
73,193,2.0,1624714210
73,185,2.5,1642627226
73,158,4.0,1619531743
73,293,2.5,1603957187
73,282,1.5,1642773504
73,257,2.5,1655571528
73,5,2.0,1655197277
73,163,2.5,1640714693
73,83,3.5,1659459055
73,225,2.5,1685476210
73,32,5.0,1636748299
73,161,3.5,1620395330
73,262,3.0,1625224021
73,48,1.5,1614330619
73,273,3.5,1617655789
73,126,3.5,1624796255
73,199,3.0,1603516265
73,8,4.0,1682138779
74,156,3.5,1680042177
74,146,1.5,1631163012
74,244,2.5,1630992534
74,3,3.5,1603501001
74,144,3.0,1648219240
74,42,4.0,1610667011
74,119,3.5,1663968467
74,151,2.5,1617996802
74,88,2.5,1667420864
74,24,4.0,1681163038
74,104,4.0,1662916371
74,129,2.5,1687183615
74,218,1.5,1650191981
74,232,4.0,1624692904
74,81,3.0,1652004039
74,134,1.5,1665960711
74,109,3.0,1663598657
74,64,2.5,1618456645
74,44,2.5,1621983035
74,296,3.0,1625938895
74,53,2.5,1630369856
74,195,3.5,1604325777
74,250,2.0,1654839908
74,125,3.5,1602015179
74,179,2.0,1636219821
74,223,3.0,1655437830
74,158,3.5,1629870720
74,48,4.5,1627223861
74,62,2.5,1627455861
74,185,3.0,1608876667
74,131,1.5,1623767033
74,282,2.5,1658959861
74,175,3.0,1682820305
74,136,1.0,1665759022
74,189,3.0,1643606752
74,228,2.5,1661410640
74,72,2.0,1633122766
74,249,3.0,1657385552
74,43,3.5,1654340297
74,33,3.5,1605613827
74,193,2.0,1681594977
74,165,2.0,1651052956
74,148,2.0,1641996390
74,98,1.0,1652902012
74,234,2.5,1682074794
74,270,3.5,1676763742
74,145,3.5,1679699265
74,212,2.0,1671962094
74,294,1.5,1670495248
75,296,2.5,1669880338
75,190,2.0,1614672184
75,39,4.0,1660614013
75,13,3.0,1661324136
75,245,3.0,1605692967
75,172,4.0,1632980201
75,19,3.0,1669619091
75,136,2.0,1672191574
75,220,2.5,1653098035
75,270,2.5,1605268263
75,267,1.5,1674853354
75,108,3.5,1651995659
75,31,3.0,1669273350
75,236,2.5,1684644215
75,64,3.0,1606616323
75,221,4.0,1625481281
75,128,3.5,1639081432
75,113,4.5,1658995922
75,265,4.5,1653424009
75,181,3.0,1640876565
75,234,2.5,1638374806
75,288,1.5,1661920968
75,41,1.5,1622345453
75,205,3.5,1656701914
76,221,3.0,1619091078
76,190,4.0,1662220513
76,123,2.0,1686718276
76,181,1.0,1660625891
76,20,2.5,1612138759
76,188,4.0,1667197151
76,176,2.5,1615189633
76,33,1.5,1624128507
76,78,1.5,1678577462
76,98,4.5,1673337520
76,273,2.5,1618160554
76,97,1.5,1652756521
76,47,2.5,1655506990
76,118,4.0,1643414191
76,92,5.0,1660516875
76,203,4.0,1603343647
76,201,2.5,1624008676
76,152,1.5,1660891997
76,32,3.5,1679230801
76,218,2.5,1627102854
76,80,2.5,1661026547
76,126,3.0,1612103709
76,3,3.5,1633565477
76,162,2.5,1643496580
76,268,3.5,1687050454
76,223,1.5,1622010905
76,62,3.0,1616581824
76,21,3.0,1612239481
76,161,2.5,1615322958
76,202,3.0,1660317234
76,238,3.0,1685103759
76,243,3.5,1648713437
76,210,2.5,1611449650
76,111,2.5,1670305568
76,246,3.0,1651551334
76,12,2.5,1668674708
76,232,1.5,1682150984
76,171,3.5,1621461370
76,76,1.0,1650825385
76,263,3.0,1673866174
76,208,4.5,1651084208
76,191,3.0,1605892974
76,151,2.0,1622935793
76,57,2.0,1644988861
76,177,3.0,1675898994
76,219,3.5,1688520663
76,245,3.0,1620144703
76,282,4.5,1621759927
76,16,3.5,1619408873
76,275,1.5,1624007090
76,29,3.5,1606886777
76,192,3.0,1656315301
76,249,4.5,1641347409
76,113,4.0,1641542843
76,138,2.0,1659895766
76,8,3.0,1638759467
76,242,4.0,1684081078
76,179,3.5,1624252610
76,299,3.0,1615777827
76,198,3.5,1617659164
76,154,2.0,1627226295
76,87,4.0,1600474177
76,281,2.0,1683558632
76,145,3.5,1633971980
76,46,3.0,1601638498
76,74,3.0,1661557975
76,209,3.0,1666790446
76,115,4.0,1666926628
76,104,2.5,1672947490
76,228,2.0,1600771825
76,1,3.0,1681602221
76,108,3.5,1666231992
76,180,1.0,1631927492
76,251,2.0,1629108314
76,296,3.0,1679035763
76,116,3.5,1688512648
76,269,3.5,1663848982
76,81,2.0,1660899748
76,287,1.5,1655049584
76,199,2.0,1659307507
76,53,3.0,1610657547
76,172,3.0,1680693921
76,25,2.5,1680544341
76,59,3.5,1600882216
76,214,2.5,1632844845
76,229,3.5,1673462947
77,188,5.0,1606565770
77,19,2.5,1624808803
77,224,3.5,1619898606
77,237,3.0,1607390556
77,259,1.5,1687681338
77,246,3.0,1646844649
77,104,3.0,1604928616
77,187,3.0,1619511823
77,155,2.5,1604352961
77,125,2.5,1689522760
77,27,2.0,1677590290
77,272,2.0,1680971604
77,60,3.5,1640056146
77,114,3.5,1644440977
77,236,2.5,1611771255
77,70,2.0,1606580878
77,96,3.0,1614614652
77,80,3.0,1655963010
77,153,2.5,1623924094
77,92,4.0,1621654047
77,252,1.5,1638168910
77,11,4.5,1682019078
77,245,1.5,1688707799
77,121,2.0,1679855385
77,294,2.0,1676810468
77,81,2.0,1675454146
77,180,3.0,1623812810
77,58,3.0,1661114408
77,253,2.5,1677707540
77,227,2.5,1648343701
77,214,1.0,1604810369
77,283,4.0,1612499198
77,106,3.0,1640170625
77,231,3.5,1643328415
77,47,3.5,1649468550
77,223,3.0,1650860378
77,62,2.0,1609082067
77,63,3.0,1657354434
77,296,2.0,1673882978
77,9,2.0,1608714202
77,95,3.0,1639303341
77,219,2.5,1663191967
77,168,3.5,1618058430
77,34,1.5,1616377680
77,46,3.5,1636831833
77,193,2.5,1644185620
78,8,3.5,1682148463
78,29,3.0,1607809403
78,219,4.5,1614670297
78,187,2.0,1676687590
78,213,4.5,1684420078
78,279,4.0,1670994013
78,231,3.5,1611766833
78,268,4.5,1664916146
78,210,1.0,1681171931
78,122,2.5,1638545627
78,199,4.0,1657318164
78,274,3.5,1681717739
78,51,3.0,1642478375
78,244,2.0,1634850980
78,166,3.5,1670516816
78,48,1.5,1677194344
78,295,3.5,1683650413
78,224,4.0,1647493391
78,208,2.0,1617409802
78,235,3.0,1682448605
78,135,2.0,1675515502
78,215,4.0,1666625267
78,115,2.5,1669753731
78,239,3.0,1684806492
78,123,5.0,1666805681
78,258,2.0,1666102828
78,34,4.0,1624146739
78,299,3.0,1681793056
78,206,3.0,1631235369
78,217,3.5,1638988647
78,45,5.0,1625978571
78,67,3.5,1600212187
78,30,3.5,1615865493
78,107,2.5,1603219453
78,71,2.0,1662395893
78,80,2.5,1683947919
78,182,3.0,1615827722
78,116,3.0,1627827473
78,198,3.0,1682585240
78,265,2.5,1655650977
78,226,3.5,1655571661
78,179,1.5,1606105858
78,95,4.0,1644800838
78,183,4.0,1646929234
78,23,1.5,1675217695
78,150,2.5,1685564277
79,8,3.0,1637799296
79,53,4.0,1634147341
79,244,2.5,1609104802
79,56,4.0,1641308532
79,223,2.5,1640303435
79,234,5.0,1668006730
79,81,1.0,1673818891
79,75,3.5,1643476321
79,54,2.5,1600822924
79,52,1.5,1615278911
79,152,2.0,1644732472
79,46,3.0,1645816776
79,107,3.5,1653156840
79,103,4.0,1676359356
79,90,3.5,1682677226
79,153,2.0,1603908068
79,83,4.5,1623572537
79,94,3.0,1626040330
79,134,2.0,1644360949
79,189,2.5,1645357116
79,36,3.0,1664304823
79,130,2.5,1663686372
79,246,2.0,1604772547
79,74,2.0,1686657974
79,9,3.0,1618220579
79,151,3.0,1664625235
79,16,2.5,1620855594
79,210,3.5,1684181424
79,45,2.5,1661823092
79,156,2.5,1672070563
79,161,3.0,1644977656
79,122,2.5,1662071682
79,263,2.5,1655559839
79,245,1.0,1607519183
79,18,2.5,1669937264
79,65,1.0,1640177237
79,207,1.5,1675825317
79,91,1.5,1642346074
79,79,2.0,1674514623
79,170,2.0,1671925331
79,202,2.0,1602512345
79,133,3.0,1627952515
79,183,3.0,1677496999
79,179,2.0,1644522609
79,98,2.5,1647458790
80,4,3.5,1604183991
80,54,1.0,1645520266
80,95,3.0,1650363964
80,83,3.5,1684088862
80,23,4.5,1671708931
80,184,2.0,1622276047
80,7,2.0,1676635858
80,270,2.5,1681294213
80,275,2.5,1652286700
80,195,3.5,1625149571
80,173,4.0,1679885300
80,55,2.5,1615682621
80,267,2.5,1641376831
80,34,3.5,1642211394
80,206,1.5,1604245067
80,31,3.5,1636439766
80,204,3.0,1655548633
80,297,1.5,1611649801
80,76,1.0,1666713516
80,2,4.0,1631895802
80,298,2.5,1649873103
80,170,1.5,1660653840
80,208,3.5,1640618137
80,115,2.5,1629009803
80,50,2.5,1670477785
80,150,3.0,1640576475
80,295,2.5,1623489813
80,265,2.0,1615063426
80,207,2.0,1650226379
80,74,2.5,1605019076
80,62,3.0,1627125189
80,105,1.5,1612429114
80,142,3.0,1659562350
80,111,2.5,1667913458
80,130,4.0,1603346688
80,257,2.5,1664781956
80,192,3.0,1667116153
80,40,2.5,1620679969
80,193,3.5,1625529779
80,172,4.0,1645649583
80,276,2.0,1664890505
80,220,2.5,1670280155
80,199,2.5,1641655640
80,91,3.0,1643934556
80,113,2.5,1619232735
80,3,2.0,1613187101
80,166,2.5,1669276026
80,60,4.5,1617812995
80,124,3.0,1627539747
80,234,1.0,1604905998
80,86,2.5,1661655384
80,71,2.5,1652021209
80,238,2.5,1670107942
80,187,2.5,1615547243
80,127,3.0,1600551617
81,234,3.0,1644733393
81,149,3.0,1662663022
81,264,1.5,1606192775
81,199,3.0,1613838227
81,147,3.5,1669870757
81,198,4.0,1688447373
81,49,1.0,1641940463
81,14,4.0,1603017249
81,217,3.0,1677518768
81,27,2.0,1641895110
81,280,2.5,1685745109
81,106,3.0,1628165011
81,69,2.5,1643067834
81,57,4.0,1626918105
81,62,2.5,1625843038
81,191,3.5,1638462422
81,166,3.0,1637131272
81,48,3.0,1671440849
81,124,3.0,1642835559
81,131,3.5,1659205536
81,23,3.5,1615790828
81,250,2.0,1636595028
81,55,4.0,1620041488
81,231,2.0,1621138757
81,10,3.5,1636726921
81,241,1.0,1615362614
81,272,2.5,1602047721
81,207,3.5,1683610257
81,47,1.5,1675111698
81,56,4.0,1668996054
81,120,3.0,1613740579
82,30,3.0,1673734610
82,222,4.0,1642746321
82,239,1.5,1636379997
82,143,3.5,1618999435
82,33,3.0,1638019546
82,172,2.0,1677052108
82,216,3.0,1632859865
82,46,3.0,1622988138
82,105,3.0,1609562056
82,7,2.5,1641792388
82,82,1.0,1682310750
82,42,2.0,1645464764
82,39,2.5,1672555030
82,240,3.5,1659545378
82,31,3.5,1606808353
82,26,5.0,1617458237
82,45,5.0,1603891332
82,217,2.0,1663181059
82,118,2.5,1606772091
82,159,2.5,1614217270
82,81,2.0,1651485872
82,3,1.0,1607220897
82,88,2.5,1611558774
82,52,1.5,1657239263
82,112,2.5,1652602177
82,207,4.5,1624022690
82,151,2.0,1680010054
82,162,3.0,1679558393
82,190,3.5,1684486125
82,227,3.0,1659839130
82,114,3.0,1682720444
82,84,2.5,1647731087
82,66,2.5,1641935074
82,44,2.0,1644604858
82,245,3.5,1626594858
82,8,1.0,1671603135
82,164,3.5,1610542212
82,135,1.5,1662504573
82,212,3.5,1676207390
82,201,2.5,1617689263
82,179,1.5,1612470997
82,57,3.0,1662850928
82,230,3.5,1613054418
82,58,2.0,1661147472
82,109,3.0,1641660066
82,255,1.0,1686492401
82,12,1.5,1662464469
82,92,3.5,1663155598
82,169,2.5,1631097470
82,279,1.0,1630037183
82,156,2.0,1619289997
82,178,2.0,1682804565
82,265,2.5,1634635255
82,144,2.5,1648781345
82,237,2.5,1652623673
82,150,2.5,1624609232
82,24,3.5,1689279031
82,98,3.0,1644335867
82,95,3.0,1643588695
82,141,4.5,1660838623
82,155,2.5,1665432046
82,19,1.5,1604061983
82,290,3.5,1608773168
82,177,2.5,1663798298
83,206,1.0,1661906810
83,43,3.0,1622924595
83,59,2.0,1637883942
83,36,2.5,1646790372
83,62,3.5,1681126594
83,247,3.0,1677132010
83,34,2.0,1617098533
83,160,3.0,1668175850
83,33,2.5,1613815327
83,87,2.5,1654450250
83,176,3.0,1614358786
83,269,2.0,1643737494
83,106,3.0,1674645170
83,135,2.5,1687167893
83,25,2.0,1609519256
83,17,2.0,1640549608
83,1,2.0,1671503899
83,258,2.5,1661870997
83,283,2.5,1653796676
83,280,3.5,1679260394
83,174,2.0,1655491233
83,274,3.0,1632021033
83,185,3.5,1683332410
83,128,4.0,1632707660
83,18,2.0,1673544472
83,192,3.5,1621343341
83,82,3.0,1664743230
83,114,3.5,1651514973
83,226,2.0,1608866414
83,32,3.5,1645729880
83,86,2.5,1627949250
83,198,2.0,1679318677
83,69,2.5,1657867771
83,50,4.5,1658432185
83,73,3.0,1676129797
83,251,2.5,1645929418
83,68,2.5,1673085160
83,154,4.0,1631696096
83,287,2.5,1623231136
83,166,3.5,1688934311
83,26,1.5,1689872888
83,291,2.5,1610454809
83,264,1.0,1677066247
83,142,1.0,1665314414
83,260,2.5,1615344154
83,242,3.0,1679478790
83,268,4.0,1680003898
83,67,3.0,1662130518
83,278,3.0,1643671508
83,81,2.5,1674502610
83,219,4.0,1613106885
83,246,3.0,1659755911
83,156,3.0,1623645674
83,20,1.5,1641343854
83,115,3.0,1654464708
83,42,2.5,1609342578
83,196,2.5,1680296988
83,250,2.5,1614595457
83,284,1.5,1680048179
83,53,3.0,1650856575
83,124,3.0,1643943990
83,103,3.5,1666343171
83,239,3.0,1686568973
83,78,1.5,1688605814
83,111,4.0,1608252004
83,244,3.5,1612151134
83,213,3.0,1629207357
83,97,4.0,1618645088
83,289,3.0,1677949346
83,129,2.5,1685380301
83,281,3.0,1600024741
83,66,4.0,1619693143
83,285,2.0,1688701999
83,282,4.0,1620027490
83,243,1.5,1660797197
83,39,3.0,1671303949
83,75,3.5,1639124904
83,61,4.0,1652342586
83,84,3.5,1682620697
83,100,2.5,1677568641
83,207,1.5,1660016768
84,7,3.5,1640229795
84,96,3.5,1676541203
84,79,4.0,1640876026
84,27,4.5,1658348074
84,205,3.0,1646206415
84,128,4.5,1611983952
84,67,4.0,1678212291
84,256,3.0,1601089747
84,223,3.5,1682072899
84,275,2.5,1668507933
84,31,3.0,1654250458
84,181,3.5,1617120235
84,58,1.5,1639484797
84,1,4.5,1608376603
84,152,4.0,1649556257
84,112,2.0,1673670115
84,197,4.0,1607130627
84,126,2.5,1600113187
84,109,3.0,1675165988
84,206,3.5,1648216998
84,2,3.0,1614723458
84,182,1.5,1637877483
84,52,4.5,1604185545
84,116,2.5,1631573535
84,193,3.0,1657943873
84,137,2.0,1679210454
84,143,2.5,1652917798
84,86,3.0,1683914843
84,64,2.5,1642698324
84,277,2.5,1651377152
84,267,2.5,1654496780
84,117,3.0,1651212793
84,178,3.0,1658410219
84,195,2.0,1673164605
84,122,2.0,1628348941
84,72,2.0,1688917575
84,259,2.5,1623274710
84,161,2.5,1663736162
84,20,1.5,1618665507
84,248,3.0,1625263378
84,45,4.0,1674547422
84,203,3.0,1651619474
84,172,4.5,1648357021
84,32,2.0,1656000400
84,146,1.0,1620705405
84,29,4.0,1638717904
84,258,1.0,1689934747
84,196,2.5,1616850922
84,233,3.0,1618022414
84,100,4.0,1601557295
84,229,2.0,1609629584
84,271,2.0,1687025331
84,84,4.0,1602108265
84,95,4.0,1619326800
84,300,2.5,1665323947
84,156,2.5,1688305426
84,280,2.0,1658617594
84,78,3.0,1618223512
84,227,1.5,1611363335
84,44,5.0,1618417392
85,121,3.0,1683650995
85,126,4.5,1624131995
85,237,2.0,1660987778
85,155,3.5,1668372512
85,1,3.0,1656925051
85,90,3.0,1674094900
85,184,3.5,1660404120
85,24,2.0,1651635535
85,261,2.5,1647688529
85,65,2.0,1630298433
85,21,2.5,1624936450
85,189,3.0,1657011913
85,278,1.5,1681144449
85,78,4.5,1600997236
85,88,1.5,1677569592
85,6,2.5,1666861495
85,15,4.5,1631776042
85,197,3.0,1667340900
85,34,3.0,1636138183
85,149,1.5,1655141717
85,236,2.5,1673305194
85,199,3.5,1677356703
85,249,2.0,1649253883
85,293,3.0,1604491176
85,50,3.5,1605082158
85,120,2.5,1676255745
85,170,3.0,1664863150
85,100,4.5,1649469782
85,180,2.5,1615188664
85,76,3.0,1677882357
85,244,2.0,1664630252
85,79,1.5,1610745888
85,186,4.0,1619070658
85,59,2.0,1670653292
85,219,3.5,1637503167
85,168,2.5,1662402697
85,114,2.0,1669383794
85,207,2.5,1610500470
85,209,2.5,1670243759
85,296,3.5,1681882291
85,153,3.0,1611871068
85,64,3.5,1632914388
85,264,3.5,1663411376
85,212,3.0,1684646134
85,29,4.0,1689085263
85,20,4.5,1689753695
85,268,3.0,1610479977
85,227,3.5,1685052118
85,201,4.0,1672369824
85,242,4.0,1677796412
85,111,3.5,1641943002
85,134,3.5,1682280717
85,297,2.5,1607083242
85,263,3.0,1646109986
85,43,2.5,1671810948
85,159,2.0,1601447323
85,191,4.5,1662930506
85,95,2.5,1660939515
85,38,4.5,1668808477
85,74,1.5,1662979305
85,162,3.5,1677036318
85,104,2.0,1644495054
85,40,1.5,1656507825
85,174,4.0,1647367387
85,273,3.5,1639542951
85,73,3.0,1638816900
85,298,2.5,1622482565
85,57,4.0,1604741407
85,14,3.0,1680213415
85,286,3.0,1640811697
85,216,2.5,1675659375
85,109,5.0,1634956086
85,274,4.5,1608243352
85,146,4.0,1684463223
86,18,3.0,1688089763
86,270,2.5,1639158452
86,61,2.5,1683794410
86,17,3.0,1603663887
86,228,2.5,1638495745
86,191,3.0,1665063411
86,95,2.5,1611074327
86,295,3.0,1617021671
86,106,2.0,1667859961
86,165,2.5,1610316277
86,196,2.0,1637292234
86,141,4.0,1633829709
86,263,4.0,1617789051
86,169,3.0,1682650976
86,46,3.5,1637711414
86,5,3.0,1636939015
86,51,2.5,1634488013
86,251,1.5,1601906295
86,255,2.5,1614971907
86,111,2.5,1681043555
86,262,2.5,1623436273
86,279,1.5,1679426041
86,237,3.0,1620285078
86,231,3.0,1688470372
86,248,1.5,1659948773
86,244,2.0,1649629263
87,130,3.5,1665084661
87,167,4.0,1624267798
87,129,2.5,1670784933
87,271,3.0,1604441335
87,263,4.0,1646016278
87,264,2.0,1611328172
87,127,3.0,1619470999
87,246,2.5,1679932574
87,140,3.5,1620689702
87,169,4.0,1666565050
87,209,3.0,1655424925
87,256,4.0,1651427803
87,71,3.5,1631936764
87,223,3.5,1688673262
87,299,3.5,1659080631
87,219,2.5,1685573823
87,117,2.0,1622452379
87,211,1.5,1628300713
87,115,2.5,1677545284
87,182,2.5,1646315279
87,186,2.5,1607291483
87,180,3.0,1686202825
87,250,3.0,1635486562
87,3,2.5,1615568500
87,98,3.0,1607049544
87,105,3.5,1622494944
87,60,3.0,1662279029
87,269,3.5,1653518621
87,272,2.0,1663918769
87,173,4.0,1640448811
87,220,2.5,1663923372
87,184,2.5,1671473736
87,19,2.0,1631361490
87,11,3.0,1650975999
87,197,2.5,1652354374
87,188,2.5,1663698335
87,57,2.5,1635248951
87,244,3.0,1619481680
87,15,3.5,1671194737
87,294,3.0,1658349054
87,238,3.5,1601592230
87,135,2.0,1638761035
87,90,2.0,1660239684
87,87,3.0,1651271721
87,53,3.0,1642371009
87,210,3.0,1671169409
87,183,1.5,1605505291
87,101,1.5,1613068017
87,267,3.5,1671308986
87,110,1.0,1685553621
88,99,3.0,1644958564
88,288,2.5,1636282557
88,136,3.0,1635847919
88,189,2.0,1613190487
88,246,3.5,1634271680
88,153,3.0,1687824468
88,258,3.5,1678406887
88,188,4.5,1652499769
88,135,3.0,1661888947
88,202,3.5,1632453439
88,207,3.5,1679017236
88,172,2.0,1626162482
88,113,3.0,1669786819
88,291,3.5,1645285947
88,36,3.5,1624148004
88,83,3.5,1642046364
88,287,2.5,1673499313
88,196,3.0,1601419753
88,250,2.5,1601137651
88,40,3.0,1609120357
88,102,3.0,1601605433
88,220,3.0,1655196875
88,197,2.5,1613112905
88,187,1.5,1670499776
88,222,2.5,1613946199
88,290,3.0,1659853349
88,257,2.5,1647179735
88,57,3.0,1629449560
88,251,2.5,1638023482
88,54,2.5,1633808923
88,199,3.5,1625914696
88,17,5.0,1604569008
88,73,3.5,1603181023
88,173,2.0,1683134088
88,146,3.0,1612340150
88,198,2.5,1607634560
88,276,3.0,1679743930
88,244,3.0,1688128100
88,190,3.0,1629101720
88,86,5.0,1680448089
88,249,1.0,1685642035
88,296,2.0,1616346394
88,92,3.5,1616103055
88,206,2.5,1611594582
88,65,3.0,1681159552
88,131,2.5,1617435856
88,38,4.0,1650460287
88,127,3.5,1688099795
88,193,3.0,1686960449
88,247,4.0,1675976468
88,159,3.0,1624799223
88,147,2.5,1614877375
88,294,4.5,1624731360
88,42,1.5,1634002147
89,163,3.5,1685735668
89,99,3.5,1660860191
89,71,3.0,1637095573
89,155,3.5,1657308741
89,90,3.5,1689600963
89,86,3.0,1643406567
89,226,3.5,1634539133
89,287,2.0,1621738712
89,61,2.5,1609931717
89,225,3.0,1637216895
89,199,4.0,1608373492
89,288,3.0,1651378412
89,284,4.5,1652155724
89,87,2.0,1644648162
89,227,1.5,1608060935
89,118,3.0,1634660198
89,64,2.5,1635522715
89,84,2.0,1623881291
89,265,4.0,1659132953
89,134,3.0,1609314506
89,67,3.0,1665997780
89,45,4.0,1626933352
89,30,2.5,1681913332
89,93,3.5,1652698503
89,194,3.0,1623950102
89,49,3.0,1686635285
89,210,3.5,1666042812
89,101,2.5,1614553291
89,117,3.5,1619310253
90,239,2.0,1659268093
90,75,2.5,1634761889
90,198,2.5,1613862962
90,177,3.5,1604678950
90,287,1.0,1609787090
90,251,2.5,1609450582
90,209,4.0,1676684568
90,109,3.5,1633634472
90,70,2.0,1659845276
90,102,2.0,1602518567
90,264,3.5,1666800348
90,113,2.5,1619978882
90,181,4.0,1687626101
90,143,4.5,1685944345
90,10,2.0,1600116452
90,159,2.0,1605078212
90,274,3.0,1689201885
90,201,2.0,1652409851
90,152,3.0,1635760499
90,276,2.5,1620348410
90,22,2.5,1644269149
90,100,1.5,1652523472
90,56,1.5,1677126909
90,164,4.5,1600497109
90,68,2.5,1669173535
90,153,3.0,1665857881
90,6,2.0,1664174787
90,298,1.5,1658526669
90,5,4.0,1654212251
90,46,3.5,1609408620
90,237,2.0,1672494849
90,238,4.5,1630312650
90,17,2.5,1600443906
91,214,1.5,1616267678
91,227,3.5,1676134185
91,219,2.5,1671847296
91,131,2.5,1648173202
91,282,3.5,1644753520
91,36,2.5,1640644896
91,129,5.0,1653769608
91,274,4.0,1607408103
91,257,2.5,1684862181
91,143,2.5,1686848857
91,268,3.0,1612169115
91,247,2.5,1649037166
91,144,2.0,1671756326
91,279,2.5,1645642455
91,109,3.0,1610798726
91,27,2.5,1661691749
91,76,3.0,1638917593
91,154,1.0,1686945247
91,252,1.0,1627262368
91,290,2.0,1623705307
91,116,3.0,1674420438
91,99,3.0,1605278941
91,39,4.5,1651561575
91,85,4.0,1688682228
91,179,4.0,1625636010
91,253,4.0,1640113698
91,114,1.5,1652358969
91,122,1.5,1614330160
91,97,2.0,1684639988
91,86,1.5,1648219211
91,277,3.5,1665297400
91,285,2.5,1611390049
91,69,3.0,1684931806
91,30,3.5,1658785183
91,202,4.0,1625429494
91,216,2.5,1618782825
91,186,1.5,1604791343
91,19,1.5,1625916466
91,25,3.5,1603404379
91,204,3.0,1679583788
91,26,3.0,1632008932
91,217,3.0,1665663681
91,240,1.5,1652179495
91,34,1.0,1608454727
91,142,1.0,1672551667
91,278,1.5,1686356711
91,184,3.5,1641302939
91,113,2.5,1667066471
91,136,2.5,1671664219
91,57,2.5,1660305001
91,41,2.5,1602203625
91,126,2.0,1604971784
91,42,2.5,1645538076
91,95,3.0,1607523501
91,174,2.0,1645327823
91,70,3.5,1605746469
91,104,3.5,1654426343
91,65,3.0,1615862805
91,17,2.0,1628410963
91,6,4.0,1687758252
91,110,2.5,1689565693
91,206,2.0,1670211929
91,10,3.0,1661521428
91,94,3.0,1672016051
91,300,1.5,1619992217
91,207,2.5,1677758465
91,270,3.0,1631270805
91,229,1.5,1609668169
91,103,2.5,1604949636
91,287,1.5,1619003951
91,158,2.0,1665618337
91,244,2.5,1687755782
91,263,2.5,1602558593
91,20,1.5,1663246028
91,89,3.5,1682996496
91,220,2.5,1606147399
91,262,3.0,1632572300
91,50,4.5,1687078639
91,4,2.0,1617520478
91,187,3.0,1601928065
91,264,3.0,1623118870
92,88,2.0,1661228059
92,121,4.0,1682037350
92,179,3.5,1622909541
92,139,2.0,1679328380
92,9,2.5,1608584245
92,159,2.5,1614271532
92,158,4.0,1615324937
92,173,2.5,1666725470
92,92,2.5,1679856515
92,190,3.0,1682628262
92,127,3.5,1629604743
92,296,2.0,1608470495
92,26,3.5,1627198033
92,116,2.5,1657205134
92,220,4.0,1645277425
92,120,2.0,1653956682
92,64,2.0,1643518077
92,22,3.0,1616213828
92,102,4.5,1677304983
92,197,1.5,1673267417
92,260,3.5,1618432040
92,227,3.0,1643163063
92,36,3.5,1628619492
92,113,4.5,1606118522
92,202,1.0,1679602555
92,274,4.5,1623279749
92,69,4.5,1645030548
92,234,3.5,1608485498
92,254,3.5,1616206185
92,218,3.0,1636761344
92,295,3.5,1618956482
92,17,2.0,1655721070
93,14,2.5,1674277128
93,246,1.5,1622146747
93,227,1.5,1658876111
93,210,3.0,1632701425
93,192,3.5,1678112812
93,153,2.5,1605462513
93,43,1.5,1617900736
93,237,2.5,1613417457
93,242,3.5,1684851724
93,173,4.0,1682200507
93,130,2.5,1650483455
93,205,1.5,1621173338
93,145,3.5,1602097866
93,82,2.5,1665359668
93,114,3.5,1610834405
93,261,3.5,1600852226
93,177,2.0,1600969588
93,40,3.5,1624080385
93,57,3.5,1611964334
93,263,2.5,1687477181
93,207,2.0,1679689161
93,221,1.5,1638081803
93,180,2.0,1655864403
93,181,2.5,1663889312
93,168,3.5,1617031212
93,115,1.5,1627670356
93,248,4.0,1619204927
93,6,1.5,1685875952
93,253,5.0,1636366259
93,8,4.0,1670207530
93,135,2.5,1660454232
93,209,2.0,1655301908
93,213,2.5,1632112095
93,203,2.5,1623427561
93,9,1.5,1681945021
93,94,3.0,1605049433
93,11,2.0,1680030269
93,124,2.0,1624159253
93,120,2.5,1667093782
93,109,3.0,1682147935
93,260,4.5,1611814004
93,298,2.0,1684180238
93,279,3.0,1640426348
93,195,2.5,1646688115
93,106,4.0,1656208488
93,23,3.0,1600613380
93,176,3.5,1674854623
93,238,3.0,1631626932
93,262,3.0,1625756766
93,245,2.5,1615771632
93,230,2.5,1671162107
93,33,2.0,1612842469
93,144,2.5,1683070162
93,84,3.0,1648573570
93,17,3.0,1672440371
93,58,2.5,1668120967
93,21,2.5,1629430744
93,273,2.5,1662306017
93,250,2.0,1684082607
93,34,3.0,1688493393
93,235,2.5,1627931877
93,223,2.5,1637101348
93,62,4.5,1607122803
93,66,2.0,1626000523
93,37,3.0,1615123535
93,251,2.5,1620027622
93,10,4.0,1663674613
94,153,2.5,1607251463
94,91,2.0,1686551756
94,14,4.5,1648881166
94,39,4.5,1638260712
94,18,3.0,1628130660
94,66,3.0,1658340640
94,42,3.0,1633739891
94,64,3.0,1644868265
94,267,2.5,1682788091
94,280,2.0,1660820445
94,264,2.0,1605813974
94,19,3.0,1614015162
94,294,1.5,1607040602
94,75,2.5,1672123324
94,193,4.0,1623607235
94,137,3.0,1621212522
94,249,3.5,1603901068
94,1,2.0,1665103838
94,16,3.5,1669109207
94,41,4.0,1615577992
94,45,3.0,1609510600
94,90,2.0,1631581408
94,85,3.0,1659702849
94,48,3.0,1679551741
94,144,4.0,1677814308
95,42,2.5,1630878564
95,280,2.0,1614781783
95,220,3.5,1643772726
95,66,3.5,1630572391
95,184,4.0,1613161945
95,119,3.0,1631825487
95,74,3.0,1655377624
95,25,1.0,1626837617
95,225,3.0,1650403103
95,286,3.5,1629616854
95,7,4.0,1609868991
95,229,3.0,1663215242
95,89,3.0,1678529753
95,33,3.0,1665016103
95,269,3.0,1607293304
95,31,2.5,1658500818
95,75,2.5,1619453688
95,26,2.5,1629013196
95,23,3.5,1681796786
95,167,2.5,1661067841
95,3,2.5,1623898911
95,118,3.0,1651986593
95,88,4.0,1650128319
95,278,1.5,1618307917
95,28,3.5,1661436848
95,173,3.5,1626059032
95,283,3.0,1684828438
95,84,4.0,1648129159
95,6,2.5,1636197787
95,13,1.5,1627140286
95,241,3.5,1645082572
95,267,3.0,1617074074
95,80,3.5,1604307663
95,37,3.0,1676325036
95,147,4.0,1608006318
95,174,2.5,1637662052
95,190,3.0,1618320921
95,277,3.0,1614912833
95,153,3.5,1662482955
95,298,1.5,1661549421
95,258,3.0,1656133052
95,47,2.0,1622978251
95,240,3.5,1646113991
95,36,1.5,1629508245
95,86,4.0,1639615907
95,112,2.5,1681018650
95,49,3.0,1621043745
95,116,3.5,1685630804
95,133,3.0,1682077910
95,214,3.5,1622808354
95,165,3.0,1677594146
95,145,3.0,1674189605
95,135,3.5,1630830120
95,222,2.0,1611606388
95,201,2.5,1655256920
95,262,3.0,1670030620
95,38,3.5,1665661110
95,194,3.0,1629050434
95,181,2.5,1679400640
95,268,3.0,1663550616
95,152,3.0,1662110987
96,219,3.5,1633105363
96,291,2.5,1633263373
96,242,3.5,1643928918
96,144,3.0,1658283876
96,195,5.0,1677774748
96,41,3.0,1629850909
96,228,3.0,1679426243
96,213,3.5,1619994374
96,216,1.5,1677000815
96,103,3.5,1600681501
96,281,2.0,1656072388
96,185,3.0,1605935671
96,54,3.5,1605376584
96,60,1.0,1663169926
96,175,2.5,1667674770
96,52,2.5,1604512474
96,229,1.5,1657136170
96,124,3.0,1671285951
96,221,4.0,1652924755
96,258,2.0,1664326441
96,81,4.5,1613153230
96,210,3.0,1660725652
96,158,1.5,1666476033
96,231,2.5,1632280906
96,194,3.0,1611152355
96,220,4.0,1674958851
96,260,3.5,1601667385
96,161,2.0,1654575354
96,265,4.0,1629260335
96,122,1.0,1617812303
96,199,4.5,1648104396
96,67,2.0,1639700319
96,297,2.0,1632086411
96,174,2.5,1686924795
96,119,1.5,1612177508
96,56,3.5,1602138110
96,62,4.5,1664395377
96,278,1.0,1689796439
96,251,3.5,1640914476
96,206,2.5,1621716808
96,92,3.0,1661643898
96,248,3.5,1676555214
96,128,3.5,1678337534
96,80,3.5,1603276720
96,239,3.5,1661047698
96,138,2.0,1662244899
96,236,4.0,1618605786
96,12,1.5,1654406548
96,91,3.0,1624822996
96,1,4.5,1649716992
96,145,4.5,1684129142
96,163,4.5,1662316725
96,4,2.0,1685013818
96,192,3.5,1600183025
96,110,2.5,1684195455
96,286,3.5,1609489004
96,238,3.0,1651657620
96,48,4.0,1644681905
96,123,2.5,1671258920
96,234,3.5,1604390822
96,296,2.0,1639807633
96,45,3.5,1657163632
96,151,1.0,1636210517
96,261,4.0,1682208524
96,69,3.0,1672804407
96,226,3.0,1677205978
96,148,2.0,1627802722
96,117,2.5,1610866138
96,120,3.5,1683276088
96,298,2.0,1645056176
96,51,1.5,1607356698
96,262,2.0,1669086760
96,209,4.5,1648853980
96,177,3.0,1606920612
97,61,4.0,1662458605
97,245,2.0,1683098685
97,7,3.5,1605486060
97,282,3.0,1649066128
97,207,2.0,1649181804
97,285,3.5,1623523992
97,143,2.0,1686996261
97,116,3.5,1674999585
97,22,2.5,1608993381
97,60,4.0,1675263692
97,150,2.0,1627476059
97,253,1.5,1618576512
97,264,2.0,1644953500
97,27,3.5,1632028739
97,15,4.5,1672428426
97,276,4.0,1615241453
97,2,1.0,1687112459
97,227,3.0,1664222305
97,294,1.0,1677862305
97,111,3.0,1628158070
97,248,3.5,1630257672
97,23,2.5,1643011925
97,119,2.5,1647340158
97,121,2.5,1635884163
97,107,2.0,1667587480
97,58,3.0,1656764586
97,236,2.5,1637197817
97,108,3.5,1607309497
97,274,2.5,1608505267
97,37,2.0,1650038218
97,145,1.5,1646335527
97,99,1.0,1660721529
97,189,3.5,1665260270
97,76,2.0,1667303492
97,98,4.0,1670690141
97,14,4.0,1616469781
97,40,2.0,1663104323
97,148,2.0,1671391010
97,78,2.5,1671518649
97,93,2.5,1639227057
97,26,4.0,1660663511
97,284,4.0,1683342668
97,280,3.0,1649411699
97,233,4.5,1608808386
97,279,2.5,1625280389
97,51,3.0,1661454824
97,204,2.5,1611718382
97,192,1.5,1610760289
97,106,3.5,1652436517
97,268,4.0,1623999716
97,164,2.5,1638704726
97,187,2.5,1610327693
97,113,1.5,1614678711
97,290,2.0,1622114547
97,124,3.0,1637036407
97,297,2.0,1615035684
97,220,2.5,1619858055
97,214,3.5,1666616115
97,146,2.0,1620199508
97,19,2.0,1627414797
97,259,2.0,1669885511
97,47,2.5,1684191586
97,8,3.0,1603045436
97,249,1.5,1639348536
97,167,2.5,1655906603
97,163,3.0,1672670169
98,117,2.0,1656388890
98,233,2.5,1659573887
98,146,4.0,1686528081
98,246,1.0,1602883305
98,72,3.0,1639126722
98,74,2.5,1625375292
98,208,3.0,1608448940
98,248,2.5,1602957704
98,210,3.0,1631182544
98,52,3.5,1669742280
98,2,3.5,1686526415
98,7,2.5,1645080697
98,218,3.5,1655256328
98,153,4.5,1677672417
98,30,3.5,1646008827
98,106,3.5,1688014684
98,77,3.0,1686711527
98,100,3.0,1643796105
98,69,4.0,1665249732
98,182,3.0,1679639062
98,56,2.0,1689369591
98,57,2.5,1671157706
98,280,2.5,1673614224
98,136,2.5,1659761289
98,211,2.5,1661472671
98,114,3.5,1640813240
98,283,4.0,1676135229
98,265,4.5,1617710599
98,180,3.5,1641137063
98,273,2.5,1623050166
98,285,4.5,1634897610
98,229,3.0,1630438156
98,105,4.5,1664994010
98,127,2.5,1649915883
98,88,3.0,1638674340
98,49,3.0,1606351040
98,95,2.5,1619909634
98,167,2.5,1647395084
98,119,3.5,1638169110
98,156,3.0,1661193423
98,129,1.0,1622328873
98,222,3.5,1683031143
98,51,2.0,1621580852
98,239,2.0,1671848989
98,277,3.5,1638285148
98,137,1.5,1624465275
98,26,1.5,1623536332
98,253,1.5,1689436783
98,267,2.5,1620600381
98,18,1.0,1621643241
98,159,2.0,1631931112
98,274,2.5,1615692379
98,224,3.0,1605523254
98,39,2.0,1642496800
98,227,3.0,1677111463
98,21,2.5,1616974987
98,275,3.0,1659175071
98,54,2.0,1634951262
98,59,4.0,1649616555
98,92,1.5,1624762712
98,90,2.0,1627535486
98,238,3.0,1675495759
98,50,2.5,1604655890
98,126,4.0,1689329049
99,227,2.5,1660187134
99,177,1.0,1672459667
99,163,1.5,1621823481
99,53,4.5,1671624345
99,193,3.0,1640474667
99,84,4.0,1616306114
99,206,2.5,1603345404
99,187,3.5,1654299436
99,223,3.0,1667030603
99,91,5.0,1619513094
99,20,4.5,1661477186
99,254,3.0,1642978923
99,125,4.0,1620945115
99,175,3.5,1600576371
99,103,4.0,1673302419
99,88,5.0,1668103287
99,245,3.0,1644463735
99,172,3.0,1686871612
99,36,4.0,1639668971
99,106,1.5,1663607213
99,105,2.5,1638899945
99,208,4.0,1677004412
99,38,2.0,1689508156
99,60,2.5,1619741209
99,75,2.0,1675864089
99,173,3.5,1659338400
99,131,2.0,1645457454
99,2,2.5,1615074747
99,297,2.5,1664287772
99,218,4.5,1605379569
99,219,4.0,1618713077
99,127,3.0,1673948598
99,151,2.5,1615686844
99,210,2.5,1641350093
99,86,3.0,1603328008
99,13,3.0,1653905855
99,282,1.0,1682882398
99,182,3.5,1629576862
99,152,3.0,1659857441
99,94,2.0,1647968550
99,261,3.5,1612412607
99,96,3.0,1643804166
99,116,2.5,1607386489
99,78,3.0,1681624673
99,168,3.0,1686075527
99,57,3.5,1626192555
99,130,2.5,1678306842
99,263,3.0,1670656754
99,174,3.5,1629815643
99,213,2.5,1637302753
99,101,3.5,1626268513
99,69,2.5,1603026428
99,46,2.5,1611219199
99,102,2.5,1672264474
99,144,1.0,1659788371
99,293,3.0,1611727533
99,296,3.0,1668690958
99,233,2.5,1652938641
99,189,4.0,1626098642
99,19,4.0,1665829146
99,42,3.5,1642648731
99,239,2.5,1680956358
99,183,2.5,1681212170
99,284,2.0,1668659862
99,145,3.5,1607522583
99,124,2.5,1689491869
99,226,3.0,1648461306
100,21,3.0,1649610894
100,20,3.0,1651823158
100,289,1.5,1650040550
100,238,2.5,1601636220
100,58,2.5,1638205125
100,153,1.0,1646294407
100,192,2.5,1647158074
100,105,3.0,1641350514
100,41,3.5,1659804203
100,116,4.0,1675300576
100,98,1.5,1611757289
100,259,3.5,1628950113
100,254,4.0,1659622247
100,53,3.0,1655782199
100,211,2.5,1659391930
100,144,3.5,1638739802
100,206,2.5,1621983567
100,173,2.0,1656885794
100,34,3.0,1655592149
100,28,3.0,1618732457
100,131,2.5,1678809974
100,13,3.5,1680253572
100,278,4.5,1611553190
100,134,3.5,1619278938
100,197,4.5,1627888268
100,25,5.0,1640698994
100,137,4.5,1663701495
100,175,2.5,1670504712
100,104,4.0,1645018873
100,279,2.5,1608873909
100,274,2.5,1679279578
100,126,2.0,1650435319
100,60,2.5,1611871327
100,100,3.5,1600888369
100,236,2.0,1654956876
100,1,3.0,1685739089
100,111,2.5,1636685578
100,63,2.5,1655635129
100,142,3.5,1623473742
100,7,3.0,1674600071
100,85,4.5,1662024691
100,94,2.0,1676224438
100,163,3.5,1618378036
100,275,2.5,1626743897
100,234,1.5,1624965358
100,260,3.5,1651240239
100,288,2.0,1638851088
100,69,3.5,1674338760
100,158,2.0,1665845287
100,121,3.0,1605668405
100,214,4.0,1640532800
100,152,3.0,1678545322
100,127,2.0,1640790697
100,287,2.0,1666317044
100,123,1.0,1675065432
100,57,3.0,1662203452
100,299,1.5,1630134594
100,70,2.5,1603602405
100,65,2.5,1600328387
100,196,2.5,1620672747
100,48,1.5,1635255913
100,174,2.0,1640288055
100,47,3.0,1685973864
100,168,4.0,1685437748
100,215,1.0,1663423402
100,221,3.5,1616666744
100,256,2.0,1687753291
100,200,2.5,1689377391
100,161,2.5,1638612968
100,59,4.5,1655989834
100,51,2.5,1624074943
100,117,2.5,1666019888
100,166,4.0,1686541691
100,208,2.0,1632849824
101,288,1.0,1666176080
101,172,3.5,1608955654
101,190,2.5,1680381832
101,268,3.0,1648554539
101,131,2.0,1677989327
101,108,2.5,1664489726
101,29,2.0,1675910136
101,32,1.5,1658528124
101,241,1.5,1634616300
101,63,2.0,1684288202
101,136,3.0,1663893102
101,8,2.5,1616050250
101,50,3.0,1650090353
101,177,2.5,1668790057
101,37,1.5,1677210585
101,260,4.0,1602354860
101,92,2.0,1634834491
101,17,3.0,1621856985
101,223,1.5,1678068345
101,283,2.0,1607853132
101,300,2.5,1619614192
101,286,3.0,1642906872
101,198,2.5,1661880273
101,255,2.5,1618186152
101,203,5.0,1647967465
101,271,2.0,1621918943
101,84,2.0,1607098551
101,254,1.5,1636597195
101,230,1.0,1648474537
101,24,2.0,1656306216
101,94,4.0,1685395644
101,144,2.0,1647779407
101,22,2.5,1606538403
101,250,2.0,1638903840
101,9,2.0,1639146492
101,151,2.0,1671083363
101,256,3.0,1685757950
101,240,1.5,1610311502
101,130,2.0,1668969993
101,137,3.5,1626013386
101,205,3.0,1684292753
101,194,1.0,1624595062
101,110,3.5,1612684736
101,278,3.0,1680364540
101,192,4.0,1622432603
101,123,1.0,1672975834
101,221,4.0,1643299559
101,34,2.0,1642441045
101,41,3.0,1640409241
101,75,2.0,1636434606
101,163,3.5,1648656970
101,128,3.5,1612862542
101,109,3.0,1671728681
101,206,2.5,1677852542
101,295,2.5,1647194894
102,110,2.0,1669547700
102,95,3.0,1637771252
102,236,3.0,1650065117
102,226,2.0,1665082045
102,130,3.0,1655296966
102,69,2.5,1645676049
102,287,2.5,1621881401
102,225,3.5,1613746292
102,18,3.0,1629242850
102,143,2.5,1620744009
102,75,3.5,1667562908
102,93,2.0,1629677351
102,176,1.5,1625288872
102,117,2.0,1674981433
102,155,2.5,1682332960
102,51,3.0,1670551927
102,254,2.0,1671416669
102,82,5.0,1673969111
102,181,2.5,1615296356
102,219,3.5,1656015266
102,107,1.5,1661806103
102,266,1.5,1610254278
102,119,1.0,1615645176
102,20,3.5,1617613681
102,157,3.5,1602332623
102,283,3.5,1664359847
102,140,1.5,1646735943
102,156,2.5,1641818682
102,151,3.5,1648663129
102,224,2.0,1618658140
102,141,2.0,1659315901
102,149,2.5,1680215042
102,260,2.5,1670212126
102,264,3.0,1645908520
102,57,1.0,1623113253
102,294,2.5,1640894029
102,190,2.0,1603860039
103,160,2.0,1619107146
103,297,4.0,1630410305
103,248,2.0,1641262331
103,204,3.0,1616823411
103,94,3.5,1628164383
103,294,4.0,1617477597
103,173,3.5,1610550179
103,86,3.5,1657016371
103,122,2.0,1614995099
103,180,4.0,1610433455
103,273,3.0,1602524153
103,222,1.5,1664995591
103,296,3.5,1657881056
103,123,2.5,1605706527
103,203,4.5,1626353784
103,258,3.0,1614471004
103,35,2.5,1604401363
103,240,2.5,1688555359
103,269,4.0,1668918010
103,11,2.0,1679614758
103,16,3.5,1607954445
103,186,3.0,1662959166
103,234,4.5,1615961469
103,129,2.0,1633958759
103,249,3.5,1605809144
103,84,3.5,1608891570
103,38,3.0,1640486214
103,102,3.5,1689601933
103,287,4.5,1601378737
103,247,4.5,1612952493
103,55,3.0,1616615289
103,146,3.0,1680771151
103,101,4.5,1627568480
103,236,3.0,1678866745
103,238,3.0,1626846824
103,242,4.0,1624800996
104,227,2.0,1637228730
104,204,3.0,1677812909
104,136,1.5,1646685830
104,239,4.0,1647271923
104,143,3.5,1621549640
104,270,2.5,1667194013
104,125,2.0,1682269619
104,167,2.5,1632456869
104,96,3.5,1667767769
104,128,4.0,1676535694
104,287,3.5,1609172042
104,81,2.0,1613301739
104,158,3.5,1677595788
104,178,4.0,1601876942
104,258,2.0,1670979534
104,47,2.5,1629124988
104,173,2.5,1625709072
104,197,2.0,1637830178
104,252,4.5,1623055043
104,32,2.5,1672091897
104,5,3.0,1600581018
104,188,2.5,1613245372
104,50,2.0,1628724658
104,85,2.5,1667671943
104,180,3.5,1663715236
104,271,2.5,1649185834
104,45,2.5,1679105321
104,267,2.0,1624847161
104,111,2.5,1659010948
104,236,2.0,1614404851
104,288,2.0,1624273079
104,210,2.0,1647623448
104,152,4.0,1650951070
104,115,3.5,1656920644
104,134,3.5,1628759369
104,64,3.5,1669021601
104,95,2.5,1630541809
104,231,2.5,1654704189
105,24,4.0,1616591378
105,271,2.0,1662532267
105,220,2.0,1614806384
105,148,3.5,1669756655
105,98,4.0,1618241849
105,240,1.5,1666547299
105,99,2.0,1648486215
105,43,2.0,1638691113
105,277,3.5,1674777007
105,45,4.0,1605450389
105,2,1.5,1611039132
105,162,3.5,1644038904
105,205,2.0,1666265010
105,197,3.0,1615532025
105,175,1.5,1651644447
105,152,2.5,1638065683
105,203,2.5,1661330222
105,236,3.0,1680582915
105,74,3.0,1641876858
105,85,2.0,1659586748
105,69,2.0,1630316218
105,39,3.0,1674345332
105,265,3.5,1654664494
105,188,2.5,1639002238
105,112,3.0,1657440042
105,145,3.0,1625338291
105,282,3.5,1609342782
105,283,2.0,1663844258
105,137,2.0,1649317149
105,127,2.0,1624064874
105,270,5.0,1601716086
105,104,3.0,1665987927
105,105,4.0,1614115931
105,140,3.0,1653199848
105,296,1.5,1658795196
105,48,4.0,1670150556
105,237,3.0,1688388851
105,224,3.0,1611409300
105,257,2.0,1616001148
105,216,3.0,1619242468
105,47,2.5,1652990697
105,34,1.5,1653770881
105,6,2.0,1679263249
105,156,1.5,1613652916
105,27,1.5,1622645646
105,288,2.5,1608685284
105,49,2.5,1648816328
105,19,3.0,1626720922
105,280,4.0,1645450370
105,88,2.5,1626878911
105,278,1.0,1679854290
105,83,2.5,1654262755
105,135,3.5,1616476859
105,291,2.5,1631255233
105,58,4.0,1657002833
105,132,3.0,1666989425
105,245,2.0,1637382097
105,222,2.5,1678103795
105,204,3.0,1679678350
105,143,4.5,1636637787
106,103,4.5,1665032899
106,217,4.0,1668640894
106,155,3.5,1637432067
106,99,3.5,1619780216
106,115,3.0,1661020042
106,145,3.0,1614500436
106,33,4.5,1616400072
106,299,3.0,1633647023
106,149,2.0,1665678288
106,226,2.0,1666742957
106,244,4.0,1630980376
106,254,2.0,1684338531
106,52,3.0,1618066831
106,283,4.0,1603989423
106,4,5.0,1613368540
106,116,4.0,1607093731
106,32,5.0,1609157497
106,193,3.5,1666858535
106,152,3.5,1603590174
106,265,2.0,1624037816
106,3,5.0,1651356129
106,241,3.5,1681145880
106,31,2.5,1643883276
106,222,3.5,1620499966
106,228,3.0,1640634767
106,23,4.0,1683478965
106,178,4.0,1683648866
106,287,2.5,1612929680
106,243,2.0,1610269972
106,245,2.5,1688728736
106,200,3.5,1669786361
106,181,1.5,1666060289
106,156,3.0,1662548391
106,1,3.0,1627102821
106,35,3.5,1639401349
106,260,2.5,1688864649
106,158,3.5,1666826878
106,266,2.0,1665800289
106,14,3.5,1667752405
106,28,2.5,1635120118
106,171,2.5,1672804811
106,239,2.5,1646119311
106,108,3.0,1672548572
106,81,1.5,1673366099
106,91,3.5,1602371679
106,264,3.5,1604241081
106,292,2.5,1657768169
106,285,3.5,1615989909
106,291,2.0,1651489930
106,46,1.5,1660413482
106,60,3.0,1642219420
106,279,3.0,1650511038
106,15,3.0,1659398880
106,271,1.5,1661694016
106,94,3.0,1604829304
106,220,2.5,1604410367
106,268,3.0,1623738978
106,50,3.5,1674714519
106,148,2.5,1688504649
106,77,5.0,1640673953
106,88,2.5,1622031067
106,289,1.5,1665965276
106,55,3.0,1657805041
106,164,2.5,1618050706
106,57,1.5,1641937627
106,74,3.5,1652221499
106,65,3.0,1665425092
106,66,2.0,1614681002
106,129,3.5,1676350455
106,253,2.5,1665841004
106,154,2.0,1688594248
107,82,2.0,1663875700
107,42,2.5,1675464643
107,209,4.5,1620979701
107,181,2.5,1668006116
107,227,5.0,1607480910
107,258,3.0,1652530781
107,36,3.5,1635351739
107,140,3.0,1666396319
107,256,2.5,1679328732
107,12,3.5,1650707149
107,287,3.0,1682804241
107,274,3.0,1647347151
107,101,3.5,1638176560
107,90,3.0,1643014471
107,48,3.0,1608244186
107,220,3.0,1603777824
107,249,4.5,1679250658
107,169,3.5,1606055696
107,88,2.0,1617206452
107,259,2.0,1649178730
107,77,2.5,1646825449
107,114,2.0,1678378721
107,58,3.0,1603610435
107,261,4.5,1683906615
107,116,3.0,1645802675
107,195,3.5,1651079694
107,117,2.5,1613066102
107,269,2.0,1657465077
107,110,1.0,1646324312
107,154,2.5,1647964863
107,198,5.0,1655288255
107,245,4.0,1647146562
107,21,3.0,1607576489
107,251,3.5,1688750131
107,50,3.0,1632779846
107,281,2.5,1633234179
107,2,3.0,1631490443
107,180,1.0,1686984204
107,128,1.0,1641889289
107,131,2.5,1679528254
107,100,4.5,1611400686
107,170,5.0,1608791292
107,144,5.0,1640924657
107,79,2.5,1615364077
107,27,4.5,1645311134
107,300,3.0,1622787384
107,99,1.5,1602645698
107,266,3.0,1672265081
107,130,1.5,1643770661
107,160,4.5,1605016739
107,103,3.0,1661862210
107,194,3.0,1688284097
107,129,2.5,1656703371
107,10,2.5,1676242300
107,39,3.5,1669089893
107,109,4.5,1656528833
107,244,3.5,1635784981
107,289,3.0,1602738346
107,185,3.0,1663042053
107,41,2.5,1678918579
107,89,2.5,1602984525
107,23,2.5,1642481834
107,15,3.5,1650699081
107,68,2.0,1676551556
107,25,2.0,1652385285
107,241,2.5,1643274663
107,204,2.5,1676844836
107,213,2.0,1613116517
107,125,2.5,1665546384
107,120,3.0,1613429380
107,200,3.0,1627636546
107,223,3.0,1645092789
107,93,4.0,1666670159
107,208,4.0,1667480448
107,38,4.0,1689575241
107,76,2.5,1645572210
107,222,4.0,1622364326
107,96,2.5,1682520800
107,60,1.5,1640201014
107,179,3.0,1648765904
108,67,3.0,1671918425
108,268,1.5,1628733345
108,156,2.0,1638568210
108,259,1.5,1635588515
108,173,2.5,1606379551
108,65,2.5,1639905650
108,146,3.0,1676976644
108,3,2.0,1653959197
108,262,2.5,1630317902
108,55,3.0,1683828673
108,140,3.0,1612342371
108,61,3.0,1677603784
108,177,5.0,1612714930
108,232,3.0,1679438729
108,201,4.5,1645209639
108,182,3.0,1636690420
108,58,3.0,1609028796
108,188,2.5,1676024718
108,278,2.5,1671278157
108,31,1.5,1663789440
108,244,2.0,1657325182
108,101,4.5,1628150713
108,92,1.5,1646616029
108,119,3.5,1610289344
108,5,3.5,1687447790
108,169,2.0,1640513220
108,284,3.5,1667731571
108,52,3.0,1640253107
108,178,2.5,1658104261
109,10,4.5,1653995920
109,289,4.5,1633724189
109,179,3.0,1683881231
109,94,1.5,1669171687
109,275,2.5,1660831313
109,30,2.5,1673492593
109,110,4.5,1624239835
109,47,3.0,1602496895
109,22,3.0,1684267786
109,11,3.0,1669286427
109,75,5.0,1625036832
109,81,2.0,1677422596
109,96,2.0,1667001977
109,284,3.0,1628582041
109,189,4.0,1688691908
109,191,5.0,1662719315
109,77,5.0,1635961754
109,242,3.5,1685621026
109,80,3.0,1671500378
109,174,2.0,1682466364
109,236,2.0,1658213514
109,31,2.5,1675982862
109,3,1.0,1684122098
109,184,5.0,1608037180
109,76,2.0,1670097837
109,299,1.5,1626930522
109,102,2.5,1648892118
109,45,3.5,1662073912
109,182,3.0,1619829822
109,279,2.0,1632262445
109,246,4.0,1620196097
109,272,5.0,1640302318
109,148,2.0,1658436893
109,136,3.0,1655064200
109,193,2.0,1642768905
109,137,1.5,1608647316
109,138,2.5,1685084307
109,280,3.5,1627321097
109,36,1.5,1655356542
109,257,2.0,1635827376
109,131,2.5,1638526473
109,153,2.5,1686710377
109,227,1.0,1621553261
109,172,5.0,1634419684
109,121,4.5,1680696029
109,162,2.0,1631692809
109,42,1.0,1654474404
109,274,2.0,1632008703
109,185,2.0,1615241574
109,226,3.5,1620127592
109,44,1.5,1625758531
109,114,2.5,1603718391
109,61,5.0,1632962076
109,145,3.5,1641680049
109,97,3.5,1662298460
109,176,2.5,1665146916
109,263,4.5,1675138440
109,83,4.0,1658536768
109,7,4.0,1656642448
109,151,4.0,1686828407
109,293,3.0,1604966557
109,143,2.5,1627110707
109,292,3.5,1621388734
109,122,2.0,1636602780
109,251,2.5,1618311409
109,222,2.5,1603911355
109,231,2.0,1634681437
109,163,3.0,1637281925
109,287,3.0,1688405286
109,91,2.5,1673914523
109,146,4.0,1623620336
109,74,4.0,1686475652
109,290,2.5,1605668332
110,230,1.5,1611264832
110,54,2.5,1642131585
110,14,3.0,1680745350
110,209,3.0,1639994087
110,10,2.0,1608533790
110,82,5.0,1654627534
110,33,1.5,1648779318
110,99,3.0,1688238841
110,23,3.0,1612120705
110,9,2.5,1653270351
110,181,3.5,1618865664
110,79,2.5,1631680907
110,18,2.0,1615023307
110,130,3.5,1676634749
110,290,3.0,1667142220
110,59,3.5,1616192377
110,102,2.0,1670055957
110,87,3.5,1689149714
110,61,2.0,1677902618
110,133,1.5,1670499222
110,217,4.0,1633797105
110,289,3.5,1666632538
110,285,4.5,1612112987
110,89,3.5,1631954134
110,110,2.5,1680506654
110,107,3.5,1616411718
110,232,3.5,1642065222
111,166,2.5,1631667072
111,141,2.5,1656756516
111,99,2.5,1629260590
111,195,2.5,1619364653
111,134,3.5,1614336334
111,167,3.5,1623508806
111,148,3.5,1628737174
111,175,2.0,1636849119
111,192,3.0,1658985391
111,7,4.0,1654811239
111,186,3.5,1634132362
111,25,2.0,1679118793
111,65,2.5,1607506180
111,49,1.5,1665814814
111,64,3.5,1671601127
111,296,2.0,1650292051
111,19,2.0,1615161415
111,51,3.0,1642478561
111,209,2.5,1673248658
111,144,4.0,1656878965
111,248,2.0,1663733841
111,258,1.5,1633064092
111,229,3.0,1637276794
111,283,2.0,1619449696
111,191,3.0,1648720768
111,125,2.0,1663783187
111,294,2.5,1649357131
111,37,5.0,1641362065
111,153,3.0,1602828532
111,203,3.0,1686623797
111,274,3.0,1681311077
111,179,2.5,1604672042
111,270,2.0,1688882124
111,169,2.5,1607337997
111,96,3.5,1632168745
111,222,3.0,1633954789
111,286,2.5,1674185883
111,275,1.5,1651632246
111,27,3.0,1641509315
111,269,3.0,1685758290
111,126,1.5,1648701586
111,253,1.5,1616381779
111,278,4.0,1671794497
111,146,3.0,1631726640
111,268,1.5,1659378298
111,171,3.5,1652139697
111,60,4.5,1601055770
111,76,2.0,1652744287
111,187,2.0,1634297151
111,149,3.5,1640384524
111,160,2.5,1612113193
111,32,2.5,1631602967
111,3,2.5,1639919426
111,127,3.0,1628237596
111,62,2.5,1621505334
111,4,1.5,1658900892
111,238,3.5,1684738725
111,105,2.0,1642571763
111,113,4.5,1686493863
111,2,2.5,1654531161
111,131,2.0,1604547522
111,293,4.0,1636780559
111,212,2.5,1610750109
111,211,4.5,1665993764
111,53,4.5,1663228801
111,5,3.0,1655426729
111,15,3.5,1644657219
111,36,4.0,1656689004
111,221,2.5,1613474864
112,31,3.0,1667959068
112,269,1.0,1608907659
112,141,3.5,1647225359
112,2,5.0,1656488286
112,123,3.5,1680814633
112,132,3.5,1673514771
112,292,2.5,1643858104
112,19,2.0,1660835762
112,147,2.0,1603670974
112,204,1.5,1606992585
112,239,3.0,1686083599
112,198,3.0,1686113089
112,74,2.5,1624661114
112,40,4.0,1684578152
112,224,2.5,1659512807
112,280,3.5,1686046825
112,82,3.5,1618265989
112,215,1.5,1600412827
112,37,3.0,1653775923
112,276,1.5,1626853654
112,137,3.5,1684328498
112,257,3.0,1641009896
112,222,1.5,1642107027
112,293,2.5,1677283822
112,267,2.5,1611036999
112,213,3.0,1614875109
112,253,3.5,1621182569
112,241,1.5,1633501223
112,179,2.5,1669305456
112,237,1.5,1687131540
112,67,2.5,1617460780
112,101,2.0,1679727494
112,6,2.5,1655071708
112,100,2.0,1642869025
112,177,1.5,1660597948
112,201,2.5,1664205127
112,158,3.5,1617919382
112,122,3.5,1634987861
112,95,5.0,1623283960
112,5,4.0,1679593852
112,146,1.5,1643967101
112,91,2.5,1637822197
112,221,2.5,1626664193
112,69,2.5,1611327835
112,104,3.5,1655632768
112,27,4.5,1649338378
112,218,1.5,1624412762
112,190,2.0,1652813894
112,81,5.0,1650643036
112,119,2.0,1676556525
112,167,3.0,1630130153
112,9,3.5,1602782955
112,72,3.0,1603082993
113,81,3.0,1611942232
113,65,2.0,1662065617
113,216,4.0,1626610839
113,29,4.0,1635135941
113,50,1.5,1622650041
113,141,2.5,1606681756
113,254,5.0,1653825994
113,38,4.0,1682947099
113,160,3.0,1657566435
113,198,3.5,1680583348
113,291,3.5,1634917786
113,287,3.0,1620032157
113,230,3.5,1611953600
113,223,3.0,1649381407
113,16,3.5,1622833506
113,107,2.5,1676134053
113,197,1.5,1615750520
113,33,2.0,1601894470
113,200,3.0,1670576741
113,54,2.5,1658406016
113,132,3.0,1660895638
113,184,2.5,1666323560
113,157,2.0,1615906458
113,130,2.5,1630129725
113,233,2.0,1627265709
113,266,2.5,1625574404
113,246,3.5,1635729141
113,91,3.0,1638649601
113,135,2.0,1666326127
113,213,4.0,1651281039
113,19,3.5,1617475058
113,51,3.0,1657889258
113,263,3.0,1627730181
113,177,2.5,1680541748
113,181,2.0,1628932858
113,161,3.0,1637979220
113,158,3.0,1625415894
113,108,2.5,1656147435
113,258,3.5,1624208834
113,44,3.5,1654831176
113,297,4.0,1619588118
113,13,3.0,1603861862
113,98,1.5,1638949039
113,74,3.0,1635138129
113,75,2.5,1631606345
113,47,4.0,1682903638
113,210,2.5,1660529066
113,248,5.0,1633328672
113,247,2.0,1649611937
114,111,3.5,1601385159
114,74,3.5,1662932224
114,38,1.0,1617878463
114,164,3.5,1643385340
114,173,2.5,1653358890
114,83,4.0,1628483372
114,5,3.5,1651471888
114,53,3.5,1656813149
114,230,3.0,1680154282
114,154,3.0,1634390017
114,50,2.0,1609805359
114,124,3.5,1612788187
114,80,4.0,1674759271
114,148,4.5,1607885602
114,120,3.0,1606994436
114,155,3.5,1644676053
114,58,2.5,1631519884
114,42,2.5,1663207479
114,169,2.0,1647553566
114,199,3.5,1681386202
114,82,5.0,1680293348
114,125,3.0,1606108500
114,88,4.5,1600719539
114,41,3.5,1634045250
114,144,4.0,1667718480
114,182,4.0,1683169072
114,208,2.0,1651128589
114,244,5.0,1640601849
114,264,2.5,1652975309
114,283,5.0,1649781518
115,73,2.0,1677911634
115,215,3.0,1624074932
115,138,2.0,1634935754
115,256,3.0,1622799095
115,203,2.0,1667611740
115,160,3.5,1666147841
115,236,2.0,1645523530
115,130,1.0,1662825287
115,179,3.0,1617705940
115,91,2.0,1612032348
115,239,3.5,1642589618
115,293,3.0,1671192277
115,171,1.5,1658106835
115,18,2.0,1619031501
115,183,2.5,1634951103
115,32,2.0,1615682275
115,140,2.5,1642046335
115,72,3.0,1605927344
115,125,2.5,1617162621
115,35,3.5,1667002914
115,231,2.5,1637715268
115,102,2.0,1648397866
115,262,4.0,1657725168
115,40,2.0,1637973618
115,196,4.5,1635328305
116,268,2.0,1642011533
116,113,2.0,1658488779
116,188,3.0,1622143753
116,214,3.0,1642351453
116,209,4.0,1665937784
116,49,3.0,1620302410
116,251,2.0,1674581396
116,161,1.5,1688237348
116,100,4.5,1685450010
116,144,2.0,1659054404
116,176,2.5,1607143361
116,74,3.5,1625356407
116,32,2.5,1619947547
116,211,2.5,1607323881
116,21,3.0,1630851360
116,297,2.5,1624580812
116,206,3.0,1604813349
116,157,3.5,1663115555
116,34,3.0,1634926669
116,172,3.5,1621951974
116,55,2.0,1662697508
116,231,3.5,1658576625
116,248,2.5,1615572483
116,4,2.5,1666425800
116,23,5.0,1605474970
116,281,3.5,1659259769
116,48,4.5,1647851319
116,62,3.5,1675276619
116,131,3.5,1665122376
116,285,3.0,1661439467
116,106,4.0,1666167803
116,152,2.0,1615098270
116,126,3.0,1619871432
116,120,2.5,1616596590
116,26,3.5,1646923095
116,13,3.0,1612559810
116,69,4.0,1627344675
116,122,3.0,1638133464
116,17,2.0,1624247098
116,1,2.5,1622588172
116,222,1.5,1668281626
116,63,4.5,1636613462
116,196,3.5,1675597784
116,50,1.5,1689004832
116,242,4.5,1678608290
116,173,1.0,1628507329
116,33,2.5,1678322404
116,10,3.5,1600553745
116,79,3.0,1670600592
116,239,2.5,1676609843
116,88,3.0,1624235540
116,41,1.5,1655890810
116,66,1.5,1610312681
116,247,2.5,1633038691
116,261,2.5,1666855296
116,259,1.5,1612657432
116,197,2.5,1644111700
116,185,3.0,1603484583
116,262,3.5,1638155583
116,3,3.5,1616373347
116,5,2.0,1652904575
116,187,3.0,1650138147
116,11,3.0,1679233891
116,110,3.5,1614236463
116,86,2.5,1643424580
116,241,2.0,1620639394
116,138,4.0,1603875470
116,111,3.5,1610880123
116,154,3.0,1661771451
116,136,2.0,1688521869
116,68,2.5,1664405060
116,158,2.5,1660942299
116,252,2.0,1684336613
116,218,2.5,1636147308
116,189,2.0,1679752745
116,121,2.5,1688316111
116,52,4.0,1600779182
116,43,3.5,1644214932
116,89,2.5,1605885044
116,140,2.0,1688070016
116,264,2.0,1683532396
116,31,2.5,1660814320
116,137,3.0,1643609415
116,267,2.5,1676391152
116,276,3.0,1617357063
116,73,2.5,1628369179
117,109,3.5,1643375256
117,249,2.5,1607453784
117,101,3.0,1609492426
117,233,3.5,1673438064
117,127,3.0,1680838200
117,131,3.0,1651189424
117,185,2.0,1612421986
117,240,3.0,1653533881
117,19,2.0,1634247519
117,55,3.0,1623892205
117,189,2.5,1632223009
117,111,3.0,1653541768
117,293,1.5,1611970652
117,182,2.5,1602753078
117,145,3.0,1627947183
117,239,2.5,1621869528
117,78,2.5,1652143976
117,230,2.0,1654008708
117,120,3.5,1638243447
117,224,2.5,1686861418
117,113,2.0,1687787024
117,70,3.5,1620687604
117,116,4.0,1616186924
117,268,1.5,1640070254
117,238,3.0,1665880113
117,211,2.5,1658030164
117,51,3.0,1641621092
117,100,3.5,1681002225
117,81,2.5,1617620998
117,121,2.5,1648190104
117,67,4.5,1689324622
117,212,3.0,1612899866
117,280,2.5,1649319220
117,255,2.5,1668807151
117,12,4.0,1626826266
117,18,2.0,1665716091
117,30,3.0,1659786268
117,260,2.5,1652088494
117,169,3.0,1663946652
117,160,1.0,1636034695
117,14,1.0,1675572241
117,203,2.5,1680576371
117,48,3.5,1656783572
117,205,2.0,1612109438
117,250,3.5,1656711868
117,276,2.5,1649423803
117,248,2.0,1682391939
117,36,1.5,1625012256
117,201,2.0,1658264710
117,83,2.5,1684649276
117,124,2.5,1657179047
117,44,2.5,1612475197
117,142,2.5,1605427508
117,289,3.5,1668899524
117,171,4.0,1645868216
117,267,2.0,1662213255
118,66,3.0,1666481027
118,202,1.0,1670770150
118,19,4.0,1684498056
118,223,3.5,1686869121
118,157,2.5,1670421060
118,107,1.5,1611270276
118,71,3.0,1639017499
118,240,2.0,1662843313
118,61,2.0,1658700864
118,121,4.0,1610627779
118,235,2.5,1664103912
118,26,2.5,1640318100
118,116,2.5,1619945631
118,128,2.5,1617151649
118,82,2.5,1640320166
118,22,4.5,1633373708
118,112,1.0,1670208227
118,132,2.5,1657409191
118,260,1.5,1639658873
118,11,3.0,1676307568
118,147,2.5,1606405980
118,291,3.0,1673953207
118,300,3.0,1610272020
118,166,3.5,1606052535
118,6,3.0,1668909330
118,213,3.5,1614446145
118,257,3.5,1668538495
118,224,3.0,1657030927
118,45,4.5,1655434526
118,199,3.5,1612681476
118,43,3.5,1662365138
118,123,2.0,1688698490
118,79,3.0,1676299853
118,88,3.0,1634008132
118,91,3.0,1647708716
118,90,5.0,1634206757
118,205,3.5,1678593591
118,255,2.5,1610974924
118,51,1.5,1667571186
119,299,2.5,1624099087
119,273,2.0,1624455561
119,174,3.0,1652741841
119,95,2.5,1606074522
119,89,3.5,1611179070
119,259,2.5,1655868338
119,151,1.5,1639949573
119,50,1.0,1642137166
119,264,1.5,1678813775
119,79,2.0,1661068817
119,7,3.5,1689960756
119,30,1.5,1660390985
119,20,3.0,1683726413
119,105,2.5,1635577682
119,221,1.0,1645813124
119,295,2.5,1625124449
119,80,2.5,1628329117
119,103,4.0,1624842009
119,87,3.0,1610498581
119,289,1.0,1681074604
119,123,3.0,1634805028
119,57,2.5,1614271459
119,133,3.0,1658223505
119,183,5.0,1671722733
119,292,2.0,1602404540
119,165,2.0,1600784780
119,267,3.0,1653007123
119,15,4.0,1615660291
119,37,3.0,1601785713
119,181,2.5,1623049928
119,249,3.5,1688020116
119,101,4.0,1664037945
119,106,2.0,1661762034
119,265,2.0,1654370473
119,66,2.5,1688277293
119,113,3.0,1680783964
119,226,4.5,1665326787
119,218,2.0,1640641125
119,3,3.0,1683013580
119,21,4.0,1682778089
119,200,3.0,1648416197
119,90,2.5,1653015631
119,56,3.0,1640621889
119,170,2.5,1611762188
119,135,3.0,1616789227
119,180,2.5,1618134687
119,88,2.5,1601862394
119,19,3.0,1625609022
119,260,3.0,1615020641
119,118,3.5,1602132081
119,172,3.0,1625262608
119,4,3.5,1603599088
119,52,1.0,1628082305
119,161,2.0,1664574456
119,53,2.0,1687056735
119,213,3.5,1619482265
119,51,2.0,1687206603
119,272,1.5,1632451191
119,148,3.0,1658490538
119,75,2.0,1684028236
119,125,3.0,1672287324
119,247,2.5,1625624104
119,49,1.5,1611555280
119,203,3.5,1640388512
119,134,3.0,1662199925
119,156,2.0,1619886456
119,242,2.5,1663617738
119,227,3.5,1656623671
119,186,2.5,1602928205
119,121,2.0,1615630838
119,140,1.5,1622294301
119,77,2.0,1620457766
119,288,3.0,1659762583
119,119,4.0,1665101884
119,286,2.5,1663282209
119,282,2.5,1602634395
119,112,2.0,1660333053
119,175,3.5,1678547740
119,193,3.5,1632565200
120,120,2.5,1606834659
120,138,3.5,1644808596
120,286,3.5,1601056868
120,13,2.5,1613779264
120,189,1.5,1684612181
120,278,5.0,1657953597
120,184,2.0,1655792417
120,280,1.5,1666532158
120,219,2.0,1677666600
120,255,2.0,1679972230
120,220,3.0,1674397493
120,234,4.5,1639027097
120,229,2.0,1604968366
120,66,3.5,1665430674
120,43,5.0,1653644191
120,40,2.5,1665243366
120,65,3.5,1668901438
120,44,3.0,1679327948
120,244,2.0,1682073508
120,139,1.0,1665485030
120,256,4.5,1631125867
120,37,2.5,1608147644
120,56,2.0,1670908408
120,38,3.5,1602552775
120,289,2.5,1656640491
120,190,3.0,1677363548
120,147,2.0,1642392689
120,175,2.5,1674256721
120,128,2.5,1608524244
120,242,1.0,1635950066
120,160,3.5,1687013391
120,17,2.0,1655987241
120,260,3.0,1663530347
120,114,3.0,1615695520
120,41,3.5,1666409428
120,33,1.0,1683576934
120,299,2.0,1686728786
120,53,3.0,1646541891
120,78,4.5,1660173215
120,32,1.5,1658549800
120,273,2.0,1602792658
120,209,3.5,1621653807
120,46,4.5,1638656152
120,284,5.0,1625796821
120,117,4.0,1662980385
120,148,3.0,1646150415
120,262,2.5,1658802221
120,271,4.0,1631152352
120,144,2.5,1668133743
120,248,2.0,1629487949
120,108,3.0,1678874216
120,180,2.5,1645520344
120,153,2.0,1680812511
120,245,3.5,1688175428
120,24,2.5,1662876614
120,23,2.5,1617603804
120,287,3.0,1639378681
120,68,1.0,1652394739
120,275,3.5,1655950146
120,58,4.5,1687577092
120,20,3.5,1648352683
120,15,1.0,1663394367
120,113,3.0,1621746728
120,171,1.0,1683462271
120,204,3.5,1627811066
120,210,3.5,1637910765
120,101,3.0,1611568480
120,112,1.0,1689530801
120,94,2.5,1664812367
120,214,2.5,1617327046
121,212,2.0,1681302255
121,185,3.0,1666060051
121,163,2.0,1613543068
121,277,3.0,1655832475
121,160,4.0,1666266658
121,81,2.0,1640755467
121,201,2.0,1631503438
121,53,1.5,1628109613
121,217,2.0,1674736526
121,7,3.0,1606314854
121,144,3.0,1602433447
121,54,3.0,1648155542
121,219,2.0,1635005058
121,99,2.5,1647921617
121,82,2.5,1621287665
121,122,4.0,1623449822
121,194,3.0,1667575794
121,230,3.5,1604290941
121,162,3.0,1608545050
121,51,2.5,1645329991
121,147,3.0,1657796900
121,158,2.0,1615296699
121,261,3.5,1682887892
121,229,2.0,1630425851
121,263,3.0,1616198473
121,270,3.0,1675427873
121,198,3.5,1630077607
121,38,2.5,1665278845
121,298,2.5,1634604301
121,241,2.0,1645677542
121,69,4.0,1647679636
121,202,2.5,1606264794
121,141,1.5,1674762274
121,154,2.0,1635902065
121,63,4.5,1620290817
121,220,4.5,1669174131
121,89,3.0,1681106361
121,100,3.0,1689856875
121,283,4.0,1613977705
121,34,2.5,1606767531
122,69,3.0,1614212564
122,293,2.5,1681949659
122,259,2.5,1681826622
122,18,2.0,1613672496
122,114,2.5,1675493830
122,158,2.0,1605633042
122,29,2.5,1668089422
122,169,3.5,1614148036
122,55,2.5,1622420574
122,64,4.0,1684547252
122,24,2.5,1615845657
122,72,1.0,1627566472
122,94,3.5,1648538289
122,107,3.5,1621076551
122,233,1.0,1639208083
122,89,3.0,1659259530
122,215,4.0,1667900294
122,192,3.0,1666892907
122,3,2.5,1613327047
122,257,3.5,1620709222
122,191,2.0,1686851348
122,177,1.5,1648819941
122,20,5.0,1644910261
122,101,2.5,1618491507
122,86,2.5,1616506561
122,268,2.5,1627097261
122,23,3.5,1658936139
122,44,3.5,1655800998
122,115,2.5,1600884169
122,71,1.0,1632925764
122,237,2.0,1663574016
122,77,5.0,1645811204
122,109,4.0,1638488047
122,85,2.0,1667783003
123,101,1.5,1649987561
123,216,4.5,1655701512
123,167,2.0,1648404738
123,25,2.0,1684482060
123,73,3.5,1689254152
123,38,2.0,1632943913
123,196,1.5,1620348912
123,33,2.0,1671088456
123,190,2.5,1656602596
123,15,1.5,1630626070
123,96,3.0,1618521285
123,163,2.0,1657555628
123,165,3.5,1655486872
123,210,4.5,1654936566
123,178,3.5,1661572793
123,286,2.5,1669277190
123,192,2.5,1648556533
123,235,3.0,1603994712
123,214,2.5,1659401906
123,151,2.5,1619539994
123,145,4.0,1601335293
123,261,4.0,1669437366
123,99,2.5,1609339029
123,168,3.5,1611378739
123,166,3.5,1645406344
123,260,4.0,1642252354
123,180,2.5,1653908666
123,67,2.0,1622055285
123,243,2.5,1658260195
123,245,1.5,1608250139
123,29,2.0,1652783304
123,187,3.0,1604978636
123,252,2.0,1688607345
123,57,4.0,1686096076
123,49,3.0,1620260447
123,244,4.0,1677115770
123,256,2.5,1607759103
123,11,3.0,1684772931
123,171,1.5,1688632237
123,141,3.0,1669763470
123,266,3.0,1639691460
123,157,3.5,1656278204
123,218,1.0,1653955904
123,64,3.0,1674304333
123,198,1.0,1640845544
123,54,2.0,1642103461
123,246,2.5,1646192019
123,183,4.0,1601060619
123,241,4.5,1637551535
123,89,3.5,1670839007
123,129,2.0,1681926643
123,288,4.0,1619711458
123,125,3.5,1654215650
123,23,2.5,1659886480
124,16,3.0,1646338752
124,158,1.5,1687074691
124,213,4.0,1654291836
124,188,2.0,1626480587
124,36,2.5,1640470861
124,212,2.0,1611311994
124,225,3.0,1604962052
124,284,4.0,1672133102
124,293,4.0,1644894880
124,73,5.0,1652344046
124,122,1.5,1616912191
124,128,1.5,1669856260
124,179,2.0,1672583635
124,170,2.5,1638108152
124,117,3.5,1628686961
124,206,3.0,1612458031
124,113,4.0,1668675400
124,205,1.5,1674059443
124,142,2.5,1641909809
124,33,2.5,1669972515
124,259,2.5,1645729171
124,265,4.5,1685320264
124,127,3.0,1621478506
124,25,2.0,1603143613
124,134,3.0,1603743496
124,6,3.0,1672468532
124,57,3.5,1679524487
124,89,3.0,1634720808
124,182,2.5,1632392076
124,77,3.0,1640794416
124,270,2.5,1656739991
124,235,2.5,1667816807
124,129,1.0,1614823261
124,136,4.0,1608045780
124,87,3.0,1650060376
124,119,3.0,1634863921
124,281,1.0,1684153110
124,138,2.5,1668115413
124,24,2.0,1647576607
124,123,4.0,1616617902
124,41,3.0,1606406597
124,62,3.0,1687370696
124,17,2.5,1616743635
124,217,3.0,1660228445
124,216,3.0,1639991663
124,140,2.5,1676830962
124,5,3.0,1600699730
124,115,5.0,1660820382
124,61,4.0,1645497164
124,43,4.5,1631688446
124,261,2.5,1678060201
124,199,3.5,1675913174
124,173,3.0,1684254420
124,171,3.5,1689324655
124,28,4.0,1671576791
124,152,2.5,1679933222
124,65,3.5,1631385191
124,221,2.0,1647021454
124,91,3.0,1640158160
124,220,3.0,1638189707
124,239,3.5,1689512805
124,39,3.0,1676875315
124,247,2.5,1618786655
124,164,1.5,1650689435
124,159,4.0,1669748476
124,191,3.5,1633236783
124,258,3.0,1614123318
124,289,4.0,1644002874
124,203,4.5,1669316990
124,174,2.0,1678164250
124,297,3.0,1625844329
124,167,4.5,1648488507
124,118,4.5,1660976401
124,46,2.5,1613151704
124,49,2.0,1619670044
124,250,5.0,1657135430
125,185,3.0,1657027331
125,110,2.0,1617456803
125,296,2.5,1663921605
125,47,3.0,1628827874
125,267,3.5,1659883130
125,261,1.5,1610478739
125,172,1.0,1649565830
125,17,1.5,1670632831
125,250,3.5,1654056687
125,272,1.0,1678952163
125,53,1.0,1675023475
125,155,3.0,1669651618
125,270,1.5,1652986806
125,280,3.5,1635392370
125,300,1.5,1678423925
125,80,2.0,1666951467
125,169,2.5,1685424369
125,257,2.5,1656830764
125,204,1.5,1659066531
125,170,2.5,1665705089
125,69,2.5,1655958370
125,188,3.5,1621856387
125,87,2.5,1619373816
125,31,3.0,1667885433
125,32,1.5,1617062291
125,36,3.0,1665063976
125,55,4.5,1661433172
126,221,3.5,1671020117
126,272,3.5,1615845497
126,18,2.5,1628540398
126,125,4.5,1661127098
126,139,2.0,1663532708
126,210,2.5,1604376489
126,155,3.5,1621050667
126,34,2.0,1675031292
126,111,3.5,1649570909
126,142,3.0,1615940510
126,209,2.5,1680745413
126,162,4.5,1654844029
126,259,2.5,1614809069
126,170,4.5,1616222417
126,261,3.0,1649604988
126,165,1.5,1676740966
126,87,2.0,1638868189
126,132,2.5,1605406577
126,133,3.0,1670166008
126,252,3.0,1620576183
126,291,4.0,1615803092
126,110,2.5,1649857504
126,293,4.0,1640926285
126,46,3.5,1650259138
126,228,2.5,1640702879
126,268,3.0,1639457501
126,131,3.0,1665219822
126,185,3.5,1603755114
126,95,4.5,1619175605
126,274,1.5,1619077681
126,276,3.5,1679138026
126,119,3.0,1656607262
126,43,3.0,1606529832
126,161,2.5,1640958413
126,45,3.0,1638048350
126,279,3.5,1628934853
126,220,2.5,1624572196
126,153,3.5,1665604774
126,5,2.0,1600279945
126,286,2.5,1616418573
126,101,3.0,1673489212
126,41,2.5,1646794869
126,107,3.0,1609068358
126,144,2.0,1605997180
126,75,3.0,1656045988
126,273,4.0,1664582407
126,94,3.0,1676914689
126,137,3.5,1641567482
126,109,4.5,1675935555
126,106,3.5,1660716667
126,42,3.0,1645341868
126,164,3.0,1650641104
126,97,1.5,1663783961
126,196,2.5,1681296981
126,29,4.5,1617825403
126,129,2.0,1618592146
126,52,4.0,1667748258
126,266,3.5,1685424250
126,201,2.0,1661865804
126,21,2.5,1660388500
126,127,2.0,1689552852
126,298,3.5,1660273791
126,115,2.0,1619996104
126,269,3.0,1643649791
126,263,4.0,1611987653
126,182,2.0,1683855267
126,128,3.0,1689187990
126,299,1.5,1683696762
126,126,2.5,1654979383
126,35,2.0,1651973818
126,83,3.0,1631248877
126,31,3.0,1653069304
126,234,2.0,1645499525
126,6,2.5,1672611046
126,215,1.0,1606149817
126,232,2.0,1689985448
126,288,4.5,1659471365
126,158,2.5,1637228655
126,184,2.5,1686693449
126,62,4.0,1611882280
126,242,3.5,1622228439
126,206,4.0,1603329148
126,24,3.5,1676771841
126,247,2.5,1684571826
126,284,3.0,1641452887
127,231,2.5,1625827078
127,216,1.0,1683041052
127,275,1.0,1672723772
127,230,3.0,1677424245
127,174,3.0,1607096679
127,73,4.0,1676536905
127,270,3.5,1670028608
127,156,3.5,1625420283
127,20,3.5,1663865585
127,288,2.5,1667463037
127,123,3.0,1602505049
127,65,2.0,1616144134
127,64,4.0,1688349411
127,211,2.5,1671384965
127,222,3.5,1624124750
127,248,5.0,1602546591
127,277,2.5,1636904845
127,25,1.5,1627622679
127,182,1.5,1632921822
127,19,3.0,1677786253
127,78,3.5,1659623470
127,247,4.0,1611361254
127,33,3.0,1671611045
127,206,3.0,1681450675
127,295,3.0,1643007542
127,200,1.5,1653928396
127,13,4.5,1679039884
127,97,3.0,1606037602
127,28,1.5,1665964394
127,144,4.0,1603122340
128,74,4.5,1603228867
128,241,3.5,1670853774
128,143,4.0,1642598349
128,7,2.0,1651272646
128,294,3.5,1634517819
128,54,3.5,1612217180
128,223,2.0,1615387340
128,133,3.5,1613332334
128,229,2.5,1672716383
128,137,4.0,1622569515
128,69,2.5,1638299260
128,85,2.5,1619331950
128,125,5.0,1624517408
128,264,3.0,1634299947
128,199,3.5,1612029742
128,59,3.0,1620700047
128,48,3.5,1641177222
128,266,2.5,1654663717
128,46,2.5,1622708438
128,195,3.0,1607907267
128,37,1.0,1682473495
128,110,2.5,1643659778
128,127,5.0,1624354859
128,39,2.0,1603646855
128,198,2.5,1607851976
128,204,3.5,1640000149
128,32,4.0,1652336822
128,64,3.5,1613253224
128,42,2.0,1642955238
128,154,4.0,1619120731
128,124,3.5,1655408139
128,286,5.0,1643515775
128,22,3.5,1634619354
128,166,1.5,1650400522
128,20,3.0,1616235817
128,3,3.5,1606962963
128,13,2.0,1627187070
128,147,3.0,1632161649
128,103,3.0,1680128603
128,206,3.0,1678655491
128,104,4.0,1631741300
128,66,4.0,1666166580
128,262,3.0,1668265991
128,272,4.5,1667702274
128,86,3.5,1651680358
128,38,1.0,1615445960
128,159,3.0,1636143160
128,144,1.5,1608137886
128,289,2.5,1642726394
128,190,1.5,1662387558
128,61,3.5,1674238655
128,28,3.0,1654636878
128,287,1.5,1608785652
128,191,3.5,1664984400
128,207,3.0,1603879756
128,100,2.5,1654692890
128,55,4.0,1685032473
128,183,3.5,1631372112
128,93,2.0,1602499514
128,75,2.5,1636126008
128,139,1.5,1674366722
128,84,1.0,1678674767
128,211,3.0,1613624363
128,102,2.0,1633059986
128,165,3.5,1674451573
128,67,1.5,1687449682
128,251,2.5,1616853900
128,279,3.0,1640884443
128,163,2.0,1676268638
128,210,3.5,1654592513
128,244,2.5,1659858725
128,14,2.0,1611261988
128,114,5.0,1685335496
129,195,2.0,1672536595
129,184,3.5,1622573855
129,276,1.5,1632905017
129,170,2.5,1672146810
129,235,3.5,1656875091
129,205,2.5,1674511273
129,171,3.5,1660631785
129,16,1.0,1605609238
129,75,2.5,1600134359
129,118,1.0,1662364542
129,113,3.0,1683312959
129,10,4.0,1638822404
129,88,1.5,1687652074
129,7,1.5,1622465588
129,44,1.0,1600072871
129,212,2.5,1608076555
129,209,3.0,1664717944
129,127,2.5,1636682099
129,214,2.5,1680244451
129,26,2.0,1633673745
129,173,4.5,1651023340
129,133,3.0,1647166514
129,191,1.5,1684853379
129,241,2.0,1628555376
129,116,3.0,1678538733
129,97,3.5,1668495121
129,40,3.0,1637756962
129,236,3.5,1606104857
129,73,4.0,1621664929
129,55,4.0,1671684250
129,104,2.5,1675575530
129,163,2.5,1609386546
129,150,2.5,1640350996
129,93,2.0,1612041357
129,25,5.0,1653056925
129,149,2.0,1616505688
129,249,3.5,1618743541
129,87,3.0,1674689357
129,115,2.5,1637508257
129,228,5.0,1657977016
129,237,1.5,1628299831
129,19,2.5,1681932582
129,265,2.0,1667755826
129,157,3.5,1642722031
129,137,3.0,1645987725
129,207,1.0,1685251058
129,43,4.5,1635079216
129,42,3.0,1660762792
129,110,2.0,1636643203
129,242,2.5,1633007935
129,112,1.5,1688889317
129,76,3.5,1643169555
129,128,2.5,1645852776
129,134,2.5,1628269460
129,175,2.0,1661713222
129,78,2.0,1680465362
129,221,3.0,1644084785
129,126,1.0,1602130654
129,53,3.5,1617948365
129,206,2.0,1686764149
129,82,2.5,1600274812
129,12,3.5,1681709974
129,90,4.0,1663958633
129,135,4.0,1600574350
129,142,5.0,1601285619
129,290,2.0,1623291610
129,202,2.5,1655453803
130,166,3.5,1652719526
130,274,2.0,1672226781
130,228,3.5,1610891605
130,88,2.5,1687120361
130,188,3.0,1687411506
130,267,2.5,1610404976
130,34,3.0,1672296289
130,96,4.0,1604153705
130,216,2.0,1659750614
130,76,2.0,1616564560
130,229,3.0,1647378150
130,223,3.5,1650516391
130,292,2.5,1680706579
130,10,4.0,1648045348
130,47,2.5,1651908845
130,66,2.0,1623781587
130,238,3.0,1601131640
130,165,2.0,1616745522
130,240,2.0,1662101540
130,215,3.0,1649725069
130,248,3.5,1625902794
130,68,3.5,1659670203
130,117,2.5,1601256721
130,170,5.0,1629732013
130,296,3.0,1602655050
130,74,2.5,1637733231
130,184,3.5,1648025924
130,269,2.5,1625704262
130,288,3.0,1612075101
130,16,3.0,1682334886
130,138,2.5,1683917830
130,61,2.0,1640691933
130,205,2.5,1629681939
130,155,2.0,1631441568
130,176,3.0,1666277877
130,299,3.0,1648720925
130,289,2.0,1604938681
130,243,4.5,1637682480
130,25,5.0,1666147579
130,137,4.0,1681339562
130,241,3.5,1628063091
130,282,5.0,1600957697
130,2,2.0,1626318323
130,3,4.0,1685689443
130,297,2.0,1653161787
130,295,2.5,1614890990
130,101,1.5,1637224958
130,287,3.0,1676383608
130,19,2.5,1667152570
130,50,4.5,1666305077
130,293,1.5,1622881048
130,234,3.5,1674059354
130,23,4.5,1626007403
130,242,3.0,1688562013
130,45,1.5,1675927914
130,42,3.5,1680929605
130,63,3.0,1675851838
130,35,1.5,1623559082
130,159,2.0,1608772554
130,271,4.5,1678942114
130,114,2.0,1617212939
130,97,3.0,1608730772
130,202,3.5,1617103487
130,51,3.0,1634846207
130,300,1.5,1676491124
130,110,4.0,1630596967
130,221,2.5,1670206603
130,245,2.0,1636819677
130,290,3.5,1625749878
130,54,2.5,1603102778
130,249,3.0,1671530199
130,92,1.5,1682470962
130,80,3.5,1633946491
130,237,3.0,1675177493
130,262,2.0,1660924933
130,268,2.0,1600262390
130,167,3.5,1657326334
130,41,3.0,1686029038
130,52,3.0,1687245556
130,75,4.0,1606960906
130,30,2.5,1643352227
130,142,2.0,1658055632
131,252,3.5,1662624210
131,205,3.0,1666514912
131,204,1.0,1648515929
131,190,4.0,1669425047
131,29,2.5,1605833729
131,191,3.0,1630138350
131,183,4.0,1606303488
131,120,2.5,1637303539
131,65,3.5,1656379776
131,91,4.0,1671458898
131,97,2.5,1660245170
131,185,3.5,1642445278
131,136,1.0,1600692467
131,89,3.5,1652594409
131,52,1.5,1626119862
131,177,3.5,1644923454
131,266,3.0,1610980204
131,123,2.5,1676748329
131,164,3.5,1603405363
131,225,3.5,1630283277
131,207,3.0,1656884191
131,262,2.5,1609991216
131,223,4.5,1633552306
131,149,3.5,1626424359
131,150,2.0,1622076343
131,244,3.5,1644187782
131,146,2.5,1641715656
131,139,2.5,1608434795
131,6,2.5,1684019584
131,19,5.0,1683925634
131,165,3.5,1612982357
131,290,2.0,1603741017
131,171,4.0,1664420002
131,32,4.0,1657975205
131,249,3.0,1603224383
131,269,2.5,1679528133
131,232,3.0,1684060174
131,31,3.0,1644869326
131,159,3.0,1633609390
131,33,4.0,1633172390
131,53,2.5,1614474127
131,231,4.0,1663562365
131,76,3.0,1631992031
131,285,2.5,1645741665
131,169,5.0,1607305854
131,26,3.5,1644773484
131,217,2.0,1669749603
131,87,2.5,1631775196
131,71,3.0,1609785926
131,21,2.5,1680525899
131,56,2.5,1683156815
131,298,2.0,1658858430
131,222,1.5,1612840710
131,182,2.5,1683932889
131,239,2.5,1659922335
131,46,3.0,1677703269
131,58,2.0,1616753912
131,273,1.5,1611480272
131,275,2.0,1608145263
131,237,3.5,1604475312
131,276,2.0,1650653117
131,38,3.0,1642047653
131,43,3.5,1608727939
131,25,2.0,1617117564
131,73,2.0,1608321798
131,105,2.0,1659313284
131,121,3.5,1607353632
131,224,3.0,1640462762
131,201,4.5,1681971952
131,90,4.0,1684045156
131,258,1.0,1657960448
131,235,4.0,1608830219
131,157,2.0,1613667066
131,70,4.5,1607488001
131,36,3.0,1675062345
131,277,2.0,1607006587
131,188,1.5,1639583058
131,127,3.5,1651198088
131,238,4.0,1653912988
131,79,3.5,1612862118
131,61,2.5,1682852868
131,110,4.5,1655177982
131,1,3.0,1631287760
131,175,3.0,1680473708
131,251,3.5,1688546660
131,80,1.5,1683752957
132,146,3.0,1662305089
132,273,2.5,1657459379
132,193,2.0,1683243271
132,254,3.0,1683111718
132,95,4.0,1613593293
132,266,2.5,1645582551
132,256,2.0,1687365194
132,33,1.0,1603485913
132,3,2.5,1660945151
132,10,2.0,1669419139
132,258,3.5,1644049408
132,220,3.0,1678894973
132,295,2.0,1625834405
132,41,5.0,1614496399
132,122,3.0,1613782772
132,275,3.5,1601649345
132,40,2.5,1679883050
132,136,2.5,1609065665
132,89,3.0,1679575878
132,176,2.5,1625986503
132,7,1.5,1676935230
132,94,1.5,1616908967
132,282,2.0,1685545512
132,144,2.5,1668303134
132,47,2.0,1634398138
132,187,2.5,1647699801
132,280,2.5,1656506603
132,276,4.0,1664612320
132,190,4.0,1683329195
132,236,2.5,1659676465
132,191,4.0,1624954217
132,181,2.0,1632635373
132,184,3.5,1618478117
132,180,3.0,1605915081
132,212,2.5,1608118989
132,237,2.5,1617137020
132,129,2.0,1641831217
132,249,3.0,1678453254
132,35,3.5,1658498545
132,214,2.5,1668870570
132,221,2.0,1687470361
132,279,3.0,1648015538
132,294,2.5,1641766978
132,222,2.5,1678338313
132,260,2.5,1672631078
132,208,2.5,1619545414
132,175,2.5,1619784909
132,52,2.5,1663018412
132,283,4.5,1641429578
132,226,2.5,1680977513
132,16,2.5,1646023301
132,160,3.0,1639065941
132,121,3.0,1649503523
132,174,2.5,1601084726
132,235,3.0,1669481912
132,164,2.5,1678710632
132,1,1.0,1688271886
132,143,3.0,1619407935
132,247,2.5,1607693044
132,240,3.0,1631861591
132,227,2.5,1668062865
132,262,2.5,1675088096
132,238,2.0,1607329266
132,261,2.5,1656648087
132,82,3.5,1646146216
132,13,3.5,1626227100
132,161,2.0,1626893461
132,97,3.5,1685973808
132,110,3.0,1627012825
133,171,2.0,1689638670
133,91,3.0,1663850736
133,57,1.5,1662733686
133,293,2.0,1680498733
133,33,3.5,1644445587
133,268,1.5,1677632976
133,19,2.5,1675980240
133,155,1.5,1645051587
133,192,2.0,1682691963
133,24,4.0,1640215871
133,14,3.0,1656196330
133,226,3.5,1644106502
133,61,4.0,1621780851
133,195,2.5,1614072446
133,12,2.0,1660975394
133,150,2.5,1605662934
133,18,2.5,1666562688
133,283,4.0,1629448158
133,154,2.5,1600496212
133,282,2.0,1685733862
133,20,2.0,1629933920
133,221,3.5,1630906854
133,144,4.0,1662617503
133,26,3.0,1683741127
133,243,3.0,1628606966
133,56,2.5,1632080592
133,244,3.0,1664524663
133,65,3.0,1644495204
133,162,3.0,1650454028
133,252,4.0,1627557095
133,131,3.0,1653729043
133,100,1.0,1624728879
133,281,2.5,1600902666
133,199,3.0,1648696493
133,169,3.0,1601327694
133,292,2.5,1609896028
133,297,2.5,1648034735
133,99,2.0,1604028892
133,232,1.0,1674449447
133,187,4.5,1615460445
133,249,1.5,1619112869
133,236,2.5,1639000479
133,54,3.0,1659110577
133,245,4.0,1626092388
134,20,3.5,1603984330
134,150,2.0,1626725819
134,127,3.5,1626551621
134,129,5.0,1638131375
134,52,2.0,1623373562
134,255,3.0,1629386305
134,153,2.0,1635164890
134,155,2.5,1623392072
134,182,2.5,1645609531
134,106,4.0,1674424395
134,93,1.5,1633012764
134,152,2.0,1623963425
134,78,3.5,1626305005
134,62,4.0,1602884611
134,97,1.5,1623632711
134,233,2.5,1635136671
134,22,3.5,1613581521
134,142,4.0,1602817734
134,125,3.0,1618420515
134,284,2.5,1650858151
134,169,3.0,1687895055
134,288,3.0,1614894008
134,9,2.5,1645417034
134,73,2.0,1628217583
134,11,2.0,1640946121
135,267,3.5,1688705666
135,197,3.0,1622999523
135,169,4.0,1670722909
135,10,2.5,1683644995
135,77,3.5,1658212652
135,175,3.0,1608774822
135,68,3.0,1615903904
135,100,3.5,1619385367
135,79,2.0,1617554964
135,167,3.0,1625453201
135,225,4.5,1625727027
135,252,4.5,1671478283
135,270,2.0,1650760544
135,34,3.0,1650231696
135,285,3.5,1642674742
135,53,3.5,1680470126
135,49,3.0,1657651904
135,241,1.5,1685381661
135,287,2.5,1632822896
135,233,4.0,1606200213
135,97,3.5,1682681879
135,177,3.0,1678829544
135,206,2.5,1625380862
135,157,2.0,1671869344
135,42,2.5,1639484539
135,251,2.5,1619940314
135,265,2.0,1643980546
135,109,3.0,1633174817
135,262,1.0,1607148298
135,33,3.5,1684484575
135,139,4.0,1637590802
135,35,3.0,1616972976
135,190,4.0,1668218774
135,125,2.5,1678394188
135,172,4.5,1665631212
135,115,4.0,1628083391
135,12,2.5,1610926356
135,58,3.0,1663171894
135,278,3.0,1689053757
135,57,2.5,1682528662
135,166,3.5,1608707112
135,180,2.0,1622472549
135,218,3.5,1668264989
135,62,3.5,1652092026
135,103,3.5,1686580039
135,163,3.5,1668338099
135,156,3.0,1650233144
135,159,1.0,1666919318
135,126,2.0,1669644554
135,90,3.0,1662312899
135,60,2.0,1624024774
135,89,2.5,1643194369
135,140,2.0,1650181152
135,295,4.0,1670528150
135,208,2.0,1664867032
135,88,3.5,1666409861
135,284,2.0,1663586743
135,236,1.5,1636015375
135,61,4.0,1678005556
135,7,2.0,1653814070
135,282,2.5,1685645083
135,240,2.0,1678380820
135,244,1.0,1687206259
135,44,2.5,1604912971
135,64,3.0,1627809859
135,41,2.0,1629464318
135,134,4.5,1627246265
136,210,3.0,1629339153
136,87,2.5,1641070495
136,228,3.0,1657045601
136,271,4.0,1650611218
136,115,2.0,1676688035
136,65,2.0,1621100279
136,72,1.5,1650211839
136,251,2.5,1634162336
136,181,3.0,1673893835
136,28,3.0,1611376149
136,153,3.0,1618029509
136,288,2.5,1611278067
136,61,1.5,1639600674
136,102,3.0,1659660493
136,208,2.5,1669634938
136,293,2.5,1647187591
136,207,2.0,1630893911
136,37,4.0,1678378083
136,214,2.5,1605522109
136,10,2.5,1662445215
136,220,4.0,1668754653
136,179,3.0,1683366096
136,16,3.0,1645147351
136,71,2.5,1657190488
136,12,2.0,1660552489
136,264,2.0,1662753631
136,124,2.0,1658049927
136,204,2.5,1654888712
136,277,2.5,1649326617
136,126,3.0,1666779099
136,291,3.0,1642549761
136,274,3.5,1636644052
136,255,3.5,1651320957
136,292,3.5,1603317620
136,80,3.0,1624100904
136,82,3.0,1659282426
136,3,4.5,1631378816
136,239,3.0,1635651567
136,221,1.5,1686618062
136,96,2.5,1610185574
136,233,2.5,1648196637
136,157,4.5,1611062025
136,101,3.0,1639529512
136,180,3.5,1667345747
136,240,3.0,1668825641
136,77,3.0,1673370374
136,138,2.5,1686389831
136,258,2.5,1610490324
136,112,3.5,1637101128
136,178,2.0,1630566959
136,249,2.5,1613208247
136,58,3.0,1615916596
136,142,4.5,1609576257
136,93,3.0,1648350177
136,91,1.5,1605138040
136,203,2.0,1673286377
136,114,4.0,1626884696
136,161,4.5,1644796219
136,38,3.5,1626393422
136,66,3.5,1644190018
136,125,4.0,1633557605
136,297,1.5,1640629797
136,281,3.0,1636838009
136,196,2.0,1625587594
136,122,2.5,1681072076
136,48,3.0,1618503943
136,275,2.5,1672897088
136,230,3.0,1635049006
136,108,2.0,1601145397
136,200,1.0,1640194740
137,22,3.0,1654459981
137,178,3.0,1677840078
137,181,1.5,1687954019
137,134,4.0,1601595945
137,296,1.5,1663351303
137,18,5.0,1687790612
137,98,1.0,1668806311
137,293,2.5,1620036175
137,246,3.0,1653352256
137,65,2.0,1630545068
137,105,2.0,1630457532
137,50,3.5,1628168948
137,275,2.0,1663678024
137,34,4.0,1631369795
137,183,2.5,1669232906
137,218,2.5,1678786294
137,46,5.0,1674170763
137,172,2.5,1662912993
137,23,5.0,1661928212
137,40,2.5,1645722553
137,279,3.5,1611526062
137,120,4.0,1642020192
137,230,2.5,1625212337
137,192,2.5,1657551618
137,102,2.5,1656061116
137,84,2.0,1628129989
137,174,2.5,1658878740
137,245,3.5,1660394210
137,82,3.0,1674953463
137,67,3.0,1604040500
137,32,3.0,1650291405
137,142,1.5,1618649583
137,62,4.0,1677511871
137,116,1.5,1617226260
137,38,2.5,1641013170
137,223,3.0,1601299382
137,122,4.0,1667082048
137,60,3.5,1688429098
137,198,3.0,1647601987
137,186,2.0,1645610169
137,248,4.0,1630264841
137,238,3.5,1656257000
137,233,2.0,1657139083
137,126,3.0,1654139232
137,115,2.5,1672155988
137,284,3.0,1640216625
137,182,2.0,1643765651
137,228,1.0,1678779778
137,191,2.5,1603119198
137,33,2.0,1676178952
137,85,3.0,1604323017
137,61,1.5,1618674348
137,299,3.0,1620628088
137,146,2.5,1644325475
137,68,2.5,1676261289
137,100,2.5,1684535600
137,75,1.0,1680933663
137,294,2.5,1681582537
137,163,2.5,1677024699
137,6,3.5,1652463815
137,56,4.0,1651179711
137,53,3.0,1627407879
137,175,5.0,1652430296
137,72,2.5,1608550910
137,283,2.0,1671738111
137,127,3.0,1651866272
137,48,4.0,1625278389
137,195,1.5,1663723578
137,242,3.5,1614581193
137,193,3.0,1644136340
137,151,2.0,1676439010
138,117,2.5,1623008094
138,293,3.5,1614000677
138,102,3.5,1674209891
138,140,3.0,1623841913
138,115,2.5,1604302906
138,103,1.5,1680982133
138,83,3.0,1665580570
138,287,3.0,1603602203
138,286,2.5,1625057390
138,225,2.5,1626709158
138,75,2.0,1609326928
138,6,1.5,1651793831
138,155,3.0,1638093356
138,142,2.5,1627634396
138,92,2.0,1631278022
138,91,2.0,1639071522
138,198,3.5,1688525972
138,65,4.0,1670383199
138,47,5.0,1609392480
138,157,2.5,1661023927
138,203,2.0,1607711235
138,8,4.5,1649479669
138,230,2.5,1669596144
138,23,3.0,1601482715
138,100,2.0,1623062057
138,236,2.5,1643858604
138,85,1.0,1655144861
138,291,3.0,1652493261
138,197,1.5,1621076941
138,290,3.0,1614863801
138,237,2.0,1617332564
139,187,2.5,1652209742
139,135,3.0,1627713235
139,174,1.5,1617439215
139,274,4.0,1627605500
139,53,2.0,1641574904
139,209,4.5,1658008992
139,106,4.0,1689226958
139,175,3.5,1663723896
139,163,3.0,1621311258
139,272,2.0,1681028510
139,122,2.5,1677187458
139,255,2.5,1641649604
139,37,2.5,1678851835
139,112,2.0,1627242553
139,239,3.0,1667441055
139,191,3.5,1661600090
139,115,3.0,1636969062
139,195,2.5,1627072082
139,64,4.0,1600999023
139,36,4.0,1619151794
139,17,3.5,1659825080
139,29,3.5,1608585913
139,211,3.5,1653584671
139,223,2.5,1681181404
139,252,3.0,1633130320
139,12,4.0,1670579265
139,65,4.0,1644143064
139,28,1.5,1676400632
140,198,2.0,1612227594
140,90,2.0,1638642865
140,178,2.0,1686744801
140,49,3.0,1661244438
140,236,3.5,1646544270
140,259,1.0,1639922892
140,99,3.5,1652491260
140,88,4.0,1682279159
140,132,2.5,1623505052
140,257,2.0,1655707438
140,139,3.0,1633438309
140,174,3.5,1624102565
140,13,3.0,1682911191
140,175,3.5,1657992341
140,230,5.0,1661448654
140,180,3.5,1651628861
140,84,1.5,1688460225
140,265,3.0,1624621479
140,248,2.0,1676318249
140,73,2.5,1612822379
140,210,4.5,1652821563
140,234,3.5,1605860545
140,107,1.0,1632171352
140,168,1.0,1621197304
140,296,2.5,1636745629
141,3,2.5,1629159454
141,153,2.5,1666234781
141,123,1.5,1655200819
141,164,5.0,1674198767
141,186,3.5,1616271298
141,206,2.5,1649490380
141,254,3.0,1610272170
141,91,4.5,1614123001
141,281,3.5,1667698729
141,197,3.5,1643756742
141,221,1.0,1655042162
141,13,1.5,1660523603
141,190,3.5,1622124330
141,113,5.0,1633925761
141,39,3.5,1627833011
141,88,2.0,1667922837
141,4,3.0,1605990830
141,11,4.0,1662031070
141,170,3.0,1603586013
141,60,2.5,1609824132
141,287,3.0,1685747226
141,174,1.5,1661995701
141,18,1.5,1651157834
141,42,2.5,1646124957
141,112,1.0,1653598753
141,273,3.0,1626092407
141,72,4.0,1653240727
141,118,3.5,1605070029
142,114,2.0,1618318112
142,59,2.5,1643904009
142,205,3.5,1689965548
142,252,2.0,1662309982
142,142,2.0,1665063283
142,273,2.5,1661922288
142,69,3.5,1609158638
142,175,2.0,1611079489
142,289,3.0,1673608832
142,216,1.5,1688184081
142,85,1.0,1632520097
142,194,4.5,1658750274
142,15,2.5,1618824809
142,12,2.5,1663188059
142,57,2.0,1637465789
142,268,3.5,1621658249
142,274,3.0,1622896080
142,285,1.0,1602424794
142,283,2.0,1681468625
142,211,2.5,1613490911
142,31,2.5,1623788294
142,237,2.5,1639479427
142,235,3.0,1616663316
142,24,2.0,1671760022
142,164,3.5,1652458932
142,91,1.5,1622609429
142,202,1.0,1610413322
142,222,2.5,1601504663
142,145,2.5,1636675298
142,123,3.5,1620601948
142,8,2.5,1659144114
142,88,1.5,1648061622
142,128,1.0,1623882733
142,138,3.0,1629081281
143,237,2.0,1659332039
143,212,3.0,1606409704
143,240,2.5,1685200126
143,125,1.5,1670179022
143,283,5.0,1686035199
143,14,3.5,1688924605
143,222,3.5,1688589123
143,277,3.0,1613796681
143,74,3.0,1652427912
143,210,2.5,1641382580
143,110,3.0,1659590884
143,42,4.5,1607035056
143,175,2.5,1680289763
143,62,3.5,1600626224
143,176,5.0,1606531664
143,82,4.0,1650653170
143,133,2.5,1627076822
143,63,3.5,1633514137
143,280,3.5,1650283960
143,127,2.5,1632016340
143,77,2.5,1626841625
143,45,4.5,1612265679
143,40,3.0,1602152643
143,193,3.0,1656597298
143,217,3.5,1603750602
143,187,2.5,1601954205
143,15,2.0,1645247029
143,205,2.5,1625790180
143,226,2.0,1689784876
143,162,2.0,1608478733
143,31,3.0,1629604115
143,233,3.5,1612965862
143,114,4.0,1689135168
143,160,3.0,1622532859
143,224,2.5,1622420703
143,252,2.0,1605907259
143,236,3.0,1655791626
143,131,2.0,1668786599
143,32,2.5,1614453078
143,134,2.0,1643908184
143,156,3.5,1643309319
143,86,1.5,1675437626
143,60,3.0,1684125851
143,93,2.5,1625440639
143,279,4.0,1683842238
143,43,1.5,1627799083
143,255,3.5,1672706099
144,71,2.5,1628693064
144,129,2.0,1614211686
144,258,3.5,1647858864
144,37,4.0,1643401695
144,174,4.0,1623303091
144,275,3.5,1602012537
144,135,2.5,1653974248
144,253,1.5,1687777422
144,150,2.0,1642445044
144,2,2.0,1601608113
144,10,1.5,1652235749
144,113,2.5,1628557229
144,182,2.5,1661575863
144,60,3.5,1629540811
144,16,1.5,1608860555
144,14,2.5,1688310124
144,12,1.5,1637373949
144,203,2.0,1687234140
144,267,2.0,1683739701
144,27,3.5,1649523652
144,67,3.5,1605897385
144,295,3.5,1609037049
144,292,2.0,1629334741
144,157,2.0,1655176483
144,29,2.0,1640471241
144,15,1.0,1680378849
144,279,2.0,1667051958
144,88,3.0,1613665188
144,85,1.0,1671965066
144,256,2.5,1676397410
144,167,2.5,1623012852
144,122,3.0,1633814834
144,222,2.5,1612716400
144,148,3.0,1680512805
144,244,3.0,1643534095
144,172,1.0,1684674464
144,254,2.0,1652152370
144,64,4.5,1617841755
144,21,3.5,1644566533
144,163,1.5,1623532534
144,180,4.5,1685275696
144,147,2.5,1642676804
144,78,2.0,1689438746
144,235,2.0,1664710444
144,283,2.5,1609061506
144,100,2.5,1644977061
144,54,2.5,1602368781
144,83,3.0,1681675959
144,287,2.0,1678522325
145,133,2.5,1667567894
145,115,3.0,1678848693
145,63,3.0,1601783979
145,79,2.5,1631219836
145,126,1.0,1602847211
145,33,3.0,1682724918
145,76,1.0,1616650536
145,56,2.5,1641452961
145,229,4.0,1631728577
145,159,3.0,1657512010
145,100,2.0,1632688154
145,197,4.0,1683183615
145,7,2.5,1610655497
145,266,2.0,1608042731
145,99,1.5,1618462384
145,248,3.0,1650267710
145,195,3.0,1666937935
145,48,2.5,1639810955
145,158,2.5,1627113563
145,249,3.0,1620356881
145,50,1.0,1650432035
145,292,2.0,1627432134
145,35,3.5,1686173002
145,124,3.5,1605087753
145,217,2.5,1631952404
145,171,2.5,1680272292
145,181,1.5,1659555922
145,281,2.5,1644116005
145,168,3.5,1618021013
145,264,1.5,1637329499
145,191,3.5,1642619317
145,167,4.0,1686382807
145,180,2.5,1605316025
145,89,2.5,1669910371
145,46,3.5,1655686049
145,283,3.0,1686979318
145,220,3.0,1638715788
145,243,3.0,1603180065
145,109,2.5,1630737204
145,61,2.5,1644462343
145,182,3.0,1646000229
145,80,2.0,1632514108
145,230,1.5,1627624348
145,291,4.5,1672385198
145,101,3.0,1607257686
145,239,2.5,1689255596
145,86,3.0,1633331368
145,15,3.0,1629855935
145,74,2.5,1681612860
146,107,3.5,1659372673
146,112,2.5,1684527978
146,106,1.5,1600811032
146,205,3.0,1608672730
146,254,1.5,1665987111
146,156,2.0,1609393216
146,214,4.0,1625832275
146,221,4.0,1606993664
146,113,2.0,1685143291
146,298,2.5,1618996104
146,244,2.5,1627409946
146,63,3.5,1616852512
146,4,3.0,1612315737
146,31,2.5,1623310374
146,30,3.5,1679541539
146,29,1.5,1673665010
146,92,3.5,1627430524
146,139,3.0,1631717008
146,44,2.5,1668105370
146,141,3.5,1610491063
146,234,3.5,1657208939
146,117,2.0,1662689644
146,183,3.0,1641803852
146,270,3.5,1622033022
146,2,1.5,1626512868
146,76,4.0,1632873271
146,53,2.5,1656910568
146,218,2.0,1623680772
146,157,2.5,1681315976
146,110,3.0,1633416111
146,96,2.0,1640681488
146,135,3.0,1638299416
146,250,2.5,1677366028
146,165,2.0,1660165940
146,292,3.0,1685309294
146,289,2.0,1627031585
146,25,4.0,1636488536
146,249,3.5,1664581639
146,1,3.0,1610739561
146,145,3.5,1648262270
146,99,2.5,1653451468
146,252,3.5,1650696383
146,198,2.0,1622517176
147,195,3.0,1681791507
147,245,3.0,1658174055
147,167,2.5,1620921653
147,168,2.5,1664693042
147,46,1.5,1602658997
147,159,3.0,1651193233
147,264,3.0,1657364292
147,72,2.5,1611171324
147,184,3.0,1640296396
147,270,3.0,1679884158
147,186,4.0,1672101452
147,109,3.0,1620508295
147,243,3.0,1674202557
147,282,2.0,1623581963
147,202,3.0,1634533110
147,189,2.0,1651063166
147,248,3.0,1662230215
147,244,1.5,1641050127
147,17,2.5,1660881578
147,224,2.0,1638013916
147,105,1.0,1650351362
147,14,1.5,1675449435
147,56,3.5,1681339346
147,182,2.0,1664537834
147,91,1.0,1609655576
147,162,2.0,1644725929
147,172,3.0,1618341704
147,221,3.0,1662982807
147,130,3.5,1626268523
147,97,1.5,1620766764
147,151,2.5,1625451146
147,79,2.5,1600561104
147,70,2.0,1601722586
147,116,2.5,1667202790
147,138,3.0,1650232033
147,7,3.5,1665961801
147,299,2.0,1654298487
147,150,3.0,1655810437
147,101,3.0,1652968985
147,164,2.0,1650082660
147,31,2.5,1651544630
147,136,2.0,1665706438
147,276,3.0,1641313669
147,119,3.0,1686040102
147,10,3.0,1678961498
147,147,3.0,1609560913
147,83,3.0,1654866540
147,185,3.0,1605211257
147,211,4.5,1616707088
147,178,2.5,1651650472
147,192,3.5,1675914700
147,173,2.5,1621791910
147,163,4.0,1626068867
147,71,3.0,1658558918
147,137,3.5,1634260204
147,238,1.5,1646785439
147,216,1.5,1668398476
147,37,3.0,1665581713
147,261,3.0,1685225538
147,124,2.0,1649416355
147,235,3.0,1607744982
147,214,2.5,1687363169
147,234,5.0,1651718540
147,239,3.5,1656913730
147,141,3.0,1633123836
147,12,2.5,1632528051
147,209,2.0,1664119239
147,281,1.5,1604631527
147,200,2.5,1648508204
147,174,2.0,1684685039
147,125,2.0,1603792466
147,129,1.5,1689345471
147,84,3.0,1686615201
147,61,2.5,1619848692
147,240,4.0,1635075212
147,34,3.0,1681260195
147,118,3.0,1661132251
147,179,4.5,1619779316
147,152,4.0,1634129962
147,146,1.5,1633207452
147,1,3.0,1680819114
147,300,3.5,1677623721
147,298,1.5,1688933292
147,120,2.5,1621666421
148,19,4.5,1686489553
148,209,1.5,1651586279
148,3,3.0,1653373950
148,254,2.5,1678673120
148,245,3.5,1610784168
148,182,1.5,1669596863
148,240,5.0,1625343427
148,241,2.5,1656766698
148,106,3.0,1622256467
148,14,3.5,1657293719
148,127,3.5,1633939802
148,8,2.5,1640563223
148,235,2.0,1667195678
148,281,2.0,1671565068
148,12,3.0,1688380502
148,89,2.5,1651377017
148,221,2.0,1678662295
148,246,2.0,1641336223
148,204,3.0,1655245223
148,90,2.0,1611928391
148,283,2.5,1614666517
148,139,3.5,1685386667
148,102,3.0,1676854640
148,293,2.0,1646223620
148,299,2.5,1619154679
148,174,4.0,1636107432
148,146,3.5,1628122043
148,276,2.0,1653414658
148,84,2.0,1641352528
148,248,2.0,1600861718
148,64,3.0,1622602089
149,292,3.0,1656081482
149,55,1.0,1670459205
149,266,2.0,1655947629
149,295,3.0,1687848347
149,274,2.0,1638700374
149,54,3.5,1657841075
149,254,2.0,1622902142
149,209,2.0,1623676181
149,190,3.0,1650284858
149,201,3.0,1625018189
149,84,2.5,1618029744
149,293,2.0,1626577865
149,97,2.0,1665293067
149,74,3.0,1624425523
149,22,3.0,1667459675
149,285,3.0,1614795927
149,49,3.0,1660486666
149,263,2.5,1676113817
149,119,5.0,1628531115
149,140,1.5,1624915916
149,113,4.0,1626969824
149,179,3.5,1607916438
149,299,3.5,1624525524
149,18,3.5,1625754346
149,105,1.0,1634809624
149,235,3.5,1654867187
149,245,4.0,1659153839
149,216,3.5,1684132688
150,71,1.0,1610711890
150,128,3.5,1639342650
150,24,3.0,1611503407
150,279,4.5,1650697866
150,60,3.0,1616734478
150,137,2.5,1637146394
150,69,2.5,1608625158
150,204,1.5,1645922853
150,17,3.0,1603981790
150,42,2.5,1678604129
150,113,2.5,1631511655
150,216,2.0,1664142265
150,152,2.5,1665121683
150,211,2.5,1613530374
150,99,3.5,1601275951
150,257,4.5,1608194860
150,206,1.5,1635712753
150,195,3.0,1600969945
150,287,3.5,1689298044
150,10,2.5,1678174504
150,68,2.5,1605618266
150,142,2.5,1612997893
150,82,3.0,1628329115
150,117,3.0,1670106555
150,160,3.5,1600974683
150,145,2.5,1650421010
150,18,4.5,1680931259
150,65,3.0,1669803166
150,104,3.5,1635679876
150,38,2.0,1665219904
150,263,4.0,1663516094
150,269,3.0,1645235396
150,272,2.0,1681117376
150,109,2.5,1657640289
150,202,2.0,1645171003
150,248,5.0,1649765936
150,268,4.0,1646047075
150,208,4.0,1642308622
150,6,2.0,1632158168
150,267,4.5,1648480869
150,298,2.0,1689265296
151,267,1.0,1647785434
151,41,2.5,1644326109
151,34,1.5,1613445578
151,66,4.0,1600414016
151,29,3.5,1661326664
151,126,1.5,1653929804
151,56,4.0,1618637880
151,236,2.5,1603446768
151,133,3.0,1680786882
151,210,4.0,1616494625
151,60,2.5,1671219864
151,211,4.5,1637509496
151,55,4.0,1633358157
151,2,2.5,1649449823
151,91,4.5,1660655417
151,243,2.5,1682993759
151,115,3.5,1688432853
151,272,2.5,1663780187
151,149,3.0,1669110587
151,160,2.0,1655448912
151,208,2.0,1688614357
151,23,1.5,1625224200
151,281,2.0,1600419981
151,16,2.5,1685640742
151,112,3.0,1643242747
151,107,2.5,1602232081
151,168,3.5,1685064149
152,106,3.5,1659633763
152,272,2.5,1631347711
152,73,2.0,1681438353
152,239,3.5,1665033340
152,39,2.5,1653709262
152,51,2.0,1682220752
152,249,1.5,1610921193
152,171,2.5,1646752592
152,163,2.0,1657433950
152,151,3.0,1663904001
152,193,3.0,1688360765
152,220,3.0,1613482938
152,29,1.5,1651654839
152,99,1.0,1639441620
152,181,2.5,1681493489
152,244,4.0,1626182785
152,208,2.5,1619214803
152,297,4.0,1669800523
152,287,2.5,1676758128
152,69,2.0,1667731180
152,175,3.0,1604260842
152,45,3.5,1617161260
152,266,2.5,1666830369
152,153,3.0,1611689007
152,58,3.0,1640446284
152,167,2.5,1673651529
152,91,3.5,1662653244
152,260,1.0,1622555671
152,234,2.0,1659899586
152,54,3.0,1615526124
152,36,3.0,1664715566
152,98,3.0,1688938318
152,212,3.0,1672567218
152,125,1.5,1632333267
152,149,1.5,1632662689
152,191,3.5,1628405950
152,40,3.0,1622875131
152,47,2.0,1688549488
152,238,3.0,1612003335
152,2,3.5,1614155900
152,121,4.0,1658370404
152,94,3.0,1603922081
152,117,3.5,1621506414
152,30,3.0,1643822194
152,24,2.0,1651471131
152,156,3.0,1637628993
152,37,4.0,1629578370
152,173,2.0,1634578317
152,79,2.0,1689379971
152,291,3.0,1663928214
152,288,3.0,1616521948
152,178,2.5,1689318726
152,18,3.5,1618220919
152,192,1.0,1671745187
152,134,4.0,1685033398
152,200,3.0,1666029590
152,269,3.0,1612138886
152,247,3.0,1644667809
152,142,3.0,1630038761
152,113,3.5,1677305664
152,172,3.5,1680621827
153,222,2.5,1650601468
153,185,2.5,1651224263
153,266,2.5,1687767609
153,153,2.5,1686181498
153,169,2.5,1675416933
153,131,3.5,1658648080
153,227,1.5,1631322048
153,36,3.0,1630004485
153,27,4.0,1634775001
153,16,4.0,1615527644
153,90,5.0,1639054205
153,136,1.5,1611768256
153,62,2.0,1614949509
153,210,1.0,1611964091
153,265,1.5,1645665951
153,163,1.0,1679483803
153,24,2.0,1625253920
153,92,2.5,1615583513
153,52,3.0,1676885150
153,14,3.5,1649356828
153,268,3.0,1617101682
153,200,2.5,1642060116
153,223,2.0,1651028923
153,204,1.5,1677432467
153,106,3.0,1600225283
153,93,4.0,1641714724
153,239,4.5,1608306055
153,94,3.5,1679196483
153,73,4.5,1671887423
153,300,3.0,1625482265
153,26,3.0,1652096010
153,119,3.5,1656867849
153,283,3.5,1642901755
153,149,3.0,1648992670
153,274,2.0,1616952687
153,240,2.5,1669759849
153,277,1.5,1689086047
153,31,3.0,1680747752
153,203,2.0,1679292610
153,143,2.5,1629815335
153,250,3.0,1614305720
153,115,3.0,1653057930
153,113,3.0,1601233262
153,172,2.5,1672248455
153,34,3.0,1661821057
153,170,3.0,1642402900
153,110,1.0,1619421410
153,231,3.0,1639838982
153,79,3.0,1629380829
153,41,3.5,1667086404
153,88,2.5,1661174364
153,76,1.5,1619787096
153,197,2.5,1680727321
153,254,4.0,1638036341
153,96,3.0,1619578433
153,55,2.5,1689301859
153,133,2.0,1604609555
153,179,2.0,1680380354
153,171,4.0,1642968377
153,2,1.5,1641458705
153,5,2.5,1667428032
153,187,2.5,1616571059
153,154,3.5,1636702178
154,224,4.0,1666441201
154,212,4.5,1639123810
154,45,1.5,1650560976
154,276,5.0,1607893691
154,38,2.0,1644713904
154,72,4.0,1620495346
154,109,2.5,1628268009
154,190,4.0,1630208616
154,111,2.5,1607055329
154,88,2.5,1624027688
154,286,1.0,1665431766
154,27,2.5,1652587561
154,184,1.5,1640144760
154,230,4.0,1688483078
154,49,4.0,1621366552
154,53,3.0,1602894515
154,300,5.0,1673543652
154,238,2.0,1652651678
154,232,4.0,1645286423
154,34,2.5,1656698597
154,236,2.5,1663541573
154,262,4.5,1646748995
154,284,4.5,1652527814
154,171,2.5,1652487600
154,107,3.5,1609639949
154,187,2.5,1670846080
154,135,3.0,1637988968
154,50,2.5,1637898265
154,29,2.5,1626184828
154,259,1.5,1673552661
154,141,2.0,1652851244
154,4,4.0,1613062011
154,280,3.5,1617569192
154,273,3.5,1643408507
154,105,3.0,1677897778
154,161,2.5,1607264306
154,79,4.0,1640812122
154,215,3.0,1661408972
154,47,2.5,1687863486
154,210,2.5,1621970699
154,283,4.5,1677464756
154,8,3.5,1618463119
154,51,1.5,1659308631
154,56,2.5,1664752231
154,249,3.0,1639068306
154,227,3.0,1619437798
154,60,3.5,1628154362
155,237,3.0,1687407684
155,296,3.5,1601225745
155,136,1.5,1648617120
155,118,3.0,1677266743
155,137,2.5,1613683207
155,13,3.0,1619811269
155,286,2.5,1650540462
155,273,2.0,1657325876
155,138,1.5,1622578497
155,74,2.5,1607560687
155,276,2.5,1612891308
155,195,1.0,1647725656
155,247,2.0,1663602527
155,187,2.5,1624109916
155,162,3.0,1607042688
155,293,2.0,1615750026
155,160,3.0,1669180538
155,128,3.0,1687254650
155,179,4.0,1645430797
155,104,2.0,1679643778
155,111,2.5,1658226527
155,52,3.0,1619940502
155,106,2.0,1684150830
155,114,2.5,1654223156
155,135,3.5,1632883478
155,154,2.0,1604562440
155,39,3.0,1615945407
155,69,2.5,1632327067
155,70,4.0,1653236763
155,22,2.5,1665582257
155,121,3.0,1640626311
155,89,2.5,1680014633
155,29,2.0,1623150813
155,288,3.0,1687616925
155,98,2.0,1650381528
155,292,3.5,1688384904
155,81,3.5,1612027404
155,30,2.5,1662233240
155,131,2.0,1687283256
155,219,3.0,1651284717
155,260,1.5,1636938871
155,253,3.0,1684870367
155,250,1.5,1687670412
155,226,2.0,1659742764
155,58,2.0,1649301266
156,272,1.5,1611091349
156,299,1.0,1616381483
156,53,2.5,1665661787
156,25,2.5,1686088502
156,216,2.0,1689763770
156,74,3.5,1668417285
156,163,3.5,1630190270
156,104,3.5,1603090599
156,59,3.5,1678765739
156,87,1.5,1676904329
156,172,2.5,1676857173
156,241,3.5,1664357181
156,79,1.0,1636738721
156,206,4.0,1612690720
156,189,1.5,1679574873
156,199,2.0,1624306373
156,124,3.0,1651534222
156,221,4.0,1664987079
156,257,3.0,1686516297
156,164,2.0,1658204387
156,123,3.5,1640045650
156,271,3.5,1676695110
156,47,3.5,1616808950
156,219,3.0,1613346779
156,147,4.5,1643651494
156,97,3.0,1608522597
156,198,3.0,1672143514
156,234,3.0,1624815495
156,131,3.0,1654402540
156,185,3.5,1602650315
156,76,2.0,1652854477
156,135,2.5,1674633131
156,71,2.5,1671996642
156,29,2.0,1671147161
157,283,1.5,1687469782
157,292,3.0,1616654987
157,60,2.0,1627845315
157,87,3.0,1688393430
157,118,4.0,1615747238
157,269,4.0,1624248334
157,10,2.5,1680410190
157,72,1.5,1624150810
157,76,3.5,1600714575
157,172,2.5,1674453495
157,124,2.5,1660026580
157,216,1.0,1642184106
157,145,1.0,1616514861
157,55,2.5,1605253706
157,260,3.0,1617289389
157,297,3.5,1677186069
157,177,3.5,1627679708
157,279,2.0,1687595925
157,47,3.5,1621637275
157,218,2.5,1611787125
157,287,5.0,1675496963
157,42,2.0,1634461808
157,244,3.0,1604698329
157,136,2.0,1611356205
157,142,3.5,1616739248
157,299,2.0,1667934076
157,26,4.0,1640074450
157,4,2.5,1648796148
157,21,2.5,1673071775
157,247,5.0,1623032191
157,24,1.0,1656780987
157,148,2.5,1688336655
157,195,3.0,1600011484
157,127,4.0,1633331239
157,239,1.5,1640345846
157,6,2.5,1606196330
157,116,3.0,1669718468
157,259,1.5,1639379055
157,85,2.0,1688470632
157,203,2.5,1671686010
157,266,3.0,1659716190
157,210,2.5,1618771026
157,73,3.0,1677453221
157,11,3.0,1665826121
157,282,3.0,1642001565
157,59,2.5,1670151077
157,220,2.0,1647260360
157,151,3.5,1681359046
157,18,4.0,1672237254
157,71,2.0,1668530276
157,78,2.0,1628164181
157,45,4.0,1613288780
157,300,1.5,1688934947
157,250,3.5,1606004304
157,53,3.0,1631823071
157,41,5.0,1604930347
157,278,2.0,1625242818
157,295,2.0,1619014267
157,272,3.5,1640226291
157,280,3.0,1628885391
157,150,2.5,1618013093
157,66,2.0,1680818451
157,274,2.5,1674097665
157,88,3.0,1628996393
157,96,3.5,1679427788
157,3,2.5,1648192910
157,68,2.0,1637231423
157,187,1.5,1617245919
157,235,1.5,1683525402
157,168,1.5,1656641896
157,180,3.0,1609980384
157,122,2.0,1673799431
157,143,3.0,1634221141
157,174,3.0,1634987131
157,154,2.5,1651241954
157,230,2.5,1687210510
157,253,4.0,1621920355
157,221,3.0,1653695060
157,62,3.5,1661212377
157,14,1.5,1611174172
157,263,4.5,1634115380
157,252,3.5,1657088619
157,290,2.0,1619225877
157,103,2.0,1671927860
157,44,3.5,1627348593
157,141,4.0,1609470140
157,167,3.5,1684499213
157,70,3.0,1636158213
158,298,3.5,1675650769
158,96,2.0,1688223735
158,265,2.0,1686942366
158,92,2.5,1668642629
158,64,2.5,1681194302
158,175,1.0,1622017488
158,215,3.5,1656329364
158,141,4.0,1620601268
158,280,4.0,1642461165
158,248,3.5,1658200448
158,93,1.0,1650860721
158,94,3.5,1603477562
158,220,3.5,1681014793
158,165,3.0,1633218577
158,28,3.5,1610405175
158,149,4.0,1636255595
158,199,3.5,1616726377
158,111,1.5,1671332718
158,135,3.5,1614762625
158,203,2.5,1673600812
158,197,3.0,1654597257
158,66,3.0,1608852915
158,239,2.0,1644205616
158,48,3.5,1685923168
158,276,2.5,1611941909
158,32,3.0,1648696806
158,201,2.0,1644763940
158,176,4.0,1636675397
158,14,4.5,1619640030
158,116,4.5,1630301728
158,90,4.0,1636728250
158,253,3.5,1601323834
158,182,2.0,1613146204
158,99,4.5,1650621018
158,153,2.5,1629826611
158,102,3.5,1650819173
158,299,2.0,1614093227
158,212,2.0,1616576358
158,97,3.0,1623586265
158,271,4.0,1670662368
158,89,4.0,1641144384
158,95,4.0,1679031028
158,173,2.0,1665715496
158,229,2.0,1612823236
158,267,3.5,1670995825
158,147,3.0,1646828593
158,194,1.5,1676793756
158,132,1.5,1637848959
158,185,3.0,1674026745
158,277,3.0,1636380247
158,8,3.0,1681532833
158,152,3.0,1613296433
158,293,1.5,1606437523
158,284,2.0,1622917330
158,98,2.0,1642680752
158,77,2.0,1652286305
158,247,3.5,1624249450
158,226,3.5,1646328320
158,68,1.0,1671361168
158,128,1.0,1674044121
158,186,2.5,1679808139
158,55,2.0,1654042937
158,38,2.5,1664003316
158,50,4.0,1679498519
158,297,5.0,1617122451
158,31,3.5,1634770583
158,44,3.5,1601274728
159,92,3.0,1619148862
159,159,2.0,1650841764
159,226,2.0,1676176717
159,183,4.5,1635885781
159,156,2.0,1607095369
159,130,3.0,1685791097
159,274,2.5,1649680785
159,206,2.0,1633435196
159,117,2.5,1681698732
159,231,4.0,1656135725
159,69,1.0,1661443076
159,17,1.5,1624575873
159,147,2.0,1658916214
159,277,2.0,1647513265
159,197,4.0,1662903261
159,136,2.5,1667408068
159,132,2.0,1638496283
159,133,3.0,1637020332
159,241,2.0,1657413657
159,53,5.0,1669873032
159,176,3.0,1630704198
159,26,4.0,1640961563
159,234,4.0,1685313518
159,228,2.0,1611669195
159,185,2.5,1641025192
159,46,3.5,1654561490
159,127,2.0,1641974837
159,251,2.5,1612098465
159,19,3.5,1685184862
159,93,2.5,1610666936
159,180,3.0,1610293588
159,55,1.0,1632217185
159,270,1.0,1612567290
159,28,2.0,1622161108
159,296,5.0,1677217700
159,179,4.0,1607705644
160,262,2.5,1674378065
160,189,3.5,1666149278
160,245,2.0,1601435415
160,142,3.5,1656906118
160,58,3.0,1668274190
160,239,4.0,1618311107
160,235,2.0,1664378331
160,128,3.0,1666814283
160,30,3.5,1669123671
160,279,3.0,1671458772
160,139,2.5,1616735821
160,16,2.0,1654421457
160,148,1.0,1601865661
160,45,2.5,1682716588
160,169,2.0,1625526064
160,56,2.0,1600978481
160,254,2.5,1657039703
160,90,1.5,1671715863
160,33,2.0,1646313253
160,63,3.0,1632779491
160,296,1.5,1688741286
160,299,2.5,1670881914
160,57,1.5,1681764582
160,290,3.0,1605684923
160,286,3.0,1681520297
160,276,3.5,1660217057
160,173,3.5,1622620027
160,110,3.0,1670265183
160,193,2.0,1630208193
160,137,3.5,1623463164
160,35,3.0,1610082754
160,157,2.5,1649264742
160,94,4.0,1617893746
160,210,3.5,1668945564
160,250,2.5,1647417986
160,54,3.0,1606832563
160,131,1.5,1656736822
160,116,3.0,1666505939
160,5,1.5,1650881238
160,289,2.5,1622881970
160,256,2.0,1650101289
160,145,2.0,1615197944
160,159,2.0,1645360034
160,107,3.0,1633522920
160,43,2.0,1672359410
160,297,3.0,1615819626
160,24,3.5,1638931830
160,74,2.5,1640154990
160,265,3.0,1664843897
160,152,3.0,1639398948
160,197,1.5,1635534249
160,134,2.5,1628597227
160,156,3.0,1600299883
160,234,2.0,1684715069
160,221,2.0,1676348673
160,284,1.5,1652830980
161,222,3.0,1686298460
161,237,2.5,1669193132
161,134,2.5,1604755216
161,78,1.0,1662150455
161,242,3.0,1682912825
161,179,4.0,1665534015
161,85,2.0,1607717080
161,100,1.5,1647747160
161,60,3.5,1600790690
161,203,3.0,1682615071
161,207,1.5,1661787651
161,278,3.5,1644097476
161,177,2.0,1640043946
161,13,2.5,1647498680
161,165,2.5,1614383316
161,4,2.0,1600691813
161,198,3.0,1646938851
161,255,3.5,1624985664
161,105,3.0,1653964665
161,103,3.0,1647584523
161,269,1.5,1601189670
161,250,3.5,1613601326
161,109,2.5,1657821509
161,65,2.0,1666041312
161,229,2.5,1626513965
161,62,3.0,1611374117
161,181,3.0,1671014138
161,81,1.5,1669030673
161,247,3.0,1620630696
161,162,2.5,1655125778
161,128,3.0,1616621878
161,35,2.0,1665419352
161,265,3.5,1600927505
161,115,2.5,1620888358
161,219,3.5,1688131849
161,264,1.5,1633572518
161,125,1.5,1630345988
161,263,2.5,1663176107
161,51,4.5,1653064163
161,294,4.0,1650238966
161,160,2.0,1640169346
161,281,2.5,1648921784
161,163,2.5,1657491018
161,178,4.0,1624452059
161,251,3.5,1671998064
161,42,2.5,1636169218
161,50,2.5,1614588794
161,187,1.0,1658864146
161,184,3.0,1688084362
161,252,2.5,1658969458
161,77,1.5,1621721032
161,130,3.0,1618773624
161,254,2.5,1647477880
161,244,4.5,1658245146
161,238,2.0,1600779834
161,182,4.5,1648215939
161,161,3.5,1626637470
161,136,3.5,1614853291
161,29,2.5,1625443261
162,180,4.0,1656513148
162,112,3.5,1644454724
162,51,1.0,1604242158
162,213,2.5,1621516779
162,128,2.0,1689416497
162,273,3.0,1626708243
162,139,3.0,1664329883
162,21,4.0,1689287389
162,292,3.5,1635675021
162,159,2.0,1615944033
162,28,3.0,1656518457
162,147,3.0,1665641573
162,52,3.0,1673836349
162,230,2.0,1666513956
162,150,2.0,1617103900
162,18,3.5,1643605688
162,118,3.0,1653670451
162,240,2.5,1667358318
162,284,3.5,1652190363
162,223,4.0,1617638581
162,98,2.0,1614728084
162,265,3.0,1614479352
162,16,3.0,1602839001
162,285,3.0,1616928020
162,151,1.0,1620876492
162,179,5.0,1646187078
162,288,2.0,1667108989
162,57,2.5,1601831931
162,279,2.5,1631743155
162,229,3.5,1606984668
162,237,3.5,1645921387
162,157,2.5,1657668666
162,84,4.5,1680139636
162,197,5.0,1601077619
162,24,3.0,1658294586
162,42,3.5,1664450415
162,25,3.0,1638851553
162,246,2.5,1637879379
162,110,4.0,1665220319
162,126,3.0,1611088383
162,286,4.0,1657572954
162,233,4.0,1633252079
162,290,3.0,1682894635
162,31,4.5,1620467629
162,202,3.5,1668617449
162,195,3.0,1625079956
162,235,4.0,1633482865
162,41,2.5,1637733815
162,193,3.0,1615437721
162,276,2.0,1635370495
162,97,3.5,1633199341
162,224,2.0,1689433358
162,291,3.0,1657600736
162,294,3.0,1626630469
162,271,3.5,1663604818
162,50,3.0,1613833135
162,11,5.0,1667422120
162,169,2.0,1682020513
162,54,1.5,1624318675
162,99,3.0,1625322723
162,79,2.5,1679349010
162,10,5.0,1684410590
162,228,1.5,1685158087
162,261,2.5,1619961679
162,135,4.0,1630787425
162,217,2.0,1616168027
162,191,1.5,1617756443
162,134,4.0,1653859314
162,102,2.0,1605149455
162,74,4.5,1636757086
163,181,2.0,1657217417
163,71,3.5,1602370465
163,20,2.5,1682740848
163,139,3.0,1626795696
163,241,2.0,1612205146
163,4,2.5,1606839113
163,77,3.0,1651050068
163,135,2.0,1654666503
163,194,3.0,1670460439
163,170,3.5,1641130478
163,230,4.0,1685001425
163,49,2.0,1631061693
163,50,2.0,1629766168
163,239,3.0,1645121027
163,104,2.0,1657186933
163,85,3.5,1664316496
163,58,2.0,1608234220
163,197,2.5,1668432746
163,39,2.5,1657320744
163,19,2.5,1686419192
163,24,2.0,1606933082
163,258,3.5,1640841111
163,163,2.0,1614771325
163,140,2.5,1636137598
163,269,2.0,1648798364
163,276,2.0,1637655580
163,89,1.5,1647113712
163,63,2.5,1656112969
163,100,1.5,1633147569
163,176,3.0,1642928316
163,96,3.5,1606382911
163,154,2.0,1624394290
163,267,1.5,1605488046
163,298,1.0,1600071931
163,103,3.0,1606996855
163,229,2.5,1688641515
163,26,2.5,1643169737
163,152,3.0,1628451145
164,149,4.0,1657835429
164,225,3.0,1624808805
164,82,2.0,1633858172
164,40,1.5,1665939337
164,274,3.5,1648799048
164,299,2.0,1644866590
164,44,4.0,1640850064
164,62,1.0,1614969117
164,43,3.5,1613003982
164,109,3.5,1689784619
164,53,3.0,1601833626
164,237,1.5,1674057077
164,201,4.5,1617489655
164,263,2.0,1644454486
164,248,1.0,1648394712
164,222,4.0,1648504268
164,227,2.0,1679042306
164,118,4.0,1670982664
164,161,3.0,1681163313
164,130,4.5,1649874272
164,286,2.0,1631977671
164,63,4.5,1687274855
164,180,2.0,1637036972
164,260,3.0,1628190192
164,88,2.5,1678427071
164,29,3.5,1651546232
164,147,3.0,1611707969
164,106,2.0,1614276138
164,59,3.5,1617513454
164,152,2.5,1684497928
164,155,3.0,1680776943
164,115,3.0,1616153687
165,295,2.5,1625894291
165,238,1.5,1659830209
165,27,3.5,1613238889
165,98,2.5,1610050169
165,284,2.5,1673360594
165,214,4.0,1683082165
165,189,1.5,1646022986
165,269,3.5,1640463479
165,102,1.5,1663645847
165,276,2.5,1627111862
165,187,3.5,1671612882
165,272,1.0,1620625554
165,297,4.5,1605880227
165,103,2.5,1617157313
165,264,2.0,1625730441
165,287,3.0,1656131539
165,171,3.0,1673886279
165,32,4.5,1633893399
165,184,2.5,1675208373
165,10,3.5,1646619122
165,227,3.5,1649125302
165,38,3.0,1660194264
165,198,3.5,1684539000
165,186,2.0,1615761044
165,226,4.0,1658535809
165,151,2.0,1609087680
165,213,1.0,1664803086
165,162,2.5,1656237786
165,150,2.0,1670298247
165,252,2.5,1667628209
165,60,1.5,1602935999
165,15,4.5,1622405653
165,87,1.0,1680417043
165,197,3.0,1636795607
165,243,3.0,1617305260
165,63,3.0,1638877018
165,183,3.5,1606099554
165,50,1.5,1675990691
165,271,4.0,1608159550
165,84,2.0,1625526992
165,82,3.0,1653350718
165,45,4.0,1666441251
165,282,2.5,1671466893
165,65,2.0,1668919151
166,176,3.0,1668354185
166,188,3.0,1651559796
166,167,4.0,1675497282
166,101,3.0,1652378052
166,57,3.0,1653801036
166,292,1.5,1681499471
166,89,2.5,1636439333
166,22,2.5,1627772949
166,71,3.0,1624704966
166,43,2.5,1600483257
166,2,2.5,1621475246
166,177,2.5,1676758847
166,159,3.0,1629233657
166,288,3.5,1679472028
166,58,2.5,1601189346
166,237,3.0,1668826270
166,179,4.0,1661128254
166,267,3.0,1667621275
166,217,3.5,1670474132
166,300,3.0,1634740194
166,240,2.0,1640723023
166,141,2.5,1629573041
166,142,3.5,1639777260
166,47,3.5,1636039426
166,46,2.0,1674108442
166,261,2.5,1615985787
166,245,3.5,1622965874
166,253,3.0,1630055302
166,279,2.5,1606122001
166,97,3.0,1671613988
166,206,1.5,1631972914
166,183,1.5,1639170544
166,166,1.5,1605246661
166,64,3.0,1685847718
166,201,4.0,1619882943
166,178,3.0,1637279846
166,197,4.5,1617847118
166,23,4.0,1636297151
166,203,2.5,1606914893
166,48,2.5,1686223229
166,31,4.5,1633421297
166,171,2.0,1628182016
166,295,1.5,1671752116
166,202,2.5,1615594065
166,45,2.0,1600187899
166,249,2.5,1687059725
166,157,2.0,1646635546
166,211,3.0,1684917258
166,122,2.0,1681223137
166,56,4.5,1649541127
166,137,1.5,1643561957
166,144,2.5,1611173109
166,251,2.5,1673722452
166,115,3.0,1635438604
166,258,4.0,1617933045
166,77,3.0,1654806853
166,82,2.5,1682071729
166,5,3.0,1639580182
166,125,4.0,1643571790
166,156,3.5,1607685767
166,42,3.0,1684014298
166,207,3.0,1601396963
166,1,1.5,1647712141
166,12,2.5,1629431208
166,158,3.0,1637539330
166,216,2.5,1623721002
166,246,2.5,1634358021
166,209,3.0,1602098962
166,227,3.0,1672127089
166,16,3.0,1688223673
166,81,3.0,1678283995
166,50,2.5,1614286501
166,10,4.0,1651268618
166,286,3.0,1687754868
166,65,2.0,1634540283
166,231,2.0,1684051119
167,109,3.5,1629613670
167,200,4.0,1643521847
167,99,1.5,1636076853
167,199,4.0,1627369495
167,244,2.5,1678069593
167,9,3.5,1684530413
167,107,3.5,1653078200
167,75,3.5,1620889845
167,225,3.0,1659868610
167,259,2.0,1631101353
167,122,4.0,1658237550
167,201,3.0,1649478024
167,11,4.0,1619909077
167,202,2.5,1664291216
167,4,2.5,1612575001
167,163,3.0,1666566782
167,22,4.0,1624362335
167,237,3.0,1661658297
167,146,2.5,1624834040
167,267,2.5,1623637158
167,213,3.5,1625348349
167,255,4.0,1676458200
167,154,3.0,1665836262
167,224,2.5,1624213769
167,253,1.0,1686914605
167,235,4.5,1637855338
167,81,3.5,1602824921
167,296,4.5,1641629000
167,205,1.5,1621866570
167,246,4.5,1623855089
167,93,3.5,1652908270
167,70,2.5,1681580498
167,125,3.0,1625212534
167,80,2.5,1609321974
167,40,2.5,1619263245
167,280,3.5,1609670211
167,274,3.0,1657229772
167,190,3.0,1632917412
167,279,2.0,1661072308
167,208,2.5,1686586373
167,242,1.5,1654023212
167,82,3.5,1613453152
167,260,3.5,1670703020
167,66,3.0,1618426925
167,86,3.5,1601582229
167,7,2.5,1680972685
167,157,1.0,1613385526
167,105,2.5,1650717541
167,298,4.0,1651538339
167,191,3.0,1602780443
167,282,2.5,1614768716
167,15,3.0,1601818926
167,136,4.0,1686500924
167,131,1.0,1605870689
167,286,4.0,1617740771
167,132,3.5,1633332025
167,292,3.0,1611220004
167,121,4.0,1635924244
167,238,3.5,1619144226
167,230,2.5,1684206105
167,128,3.5,1680481940
167,62,2.5,1601811523
167,184,5.0,1601261132
167,243,3.5,1614272571
167,277,2.5,1672795691
167,250,4.5,1645417925
167,85,2.5,1611403835
167,124,2.5,1627155151
167,245,2.0,1618687147
167,112,2.0,1664481609
167,218,3.0,1675544613
167,37,4.0,1659636452
167,239,1.5,1621896876
167,68,3.0,1641256515
167,30,4.5,1644527579
167,148,3.5,1664277995
168,80,2.5,1672950883
168,28,3.0,1635897422
168,290,2.5,1684219725
168,164,1.0,1672962489
168,60,2.0,1616518916
168,122,3.5,1602846476
168,242,1.0,1605976158
168,66,3.0,1613799637
168,225,2.5,1673100625
168,239,1.5,1639827566
168,13,4.0,1613766187
168,162,3.0,1668658060
168,117,3.0,1655738565
168,129,3.0,1619036775
168,237,2.0,1600162459
168,75,3.0,1630106747
168,238,2.5,1603221342
168,96,3.0,1630423822
168,179,2.5,1657329147
168,142,2.5,1651725238
168,249,1.5,1619780540
168,195,2.0,1647420453
168,215,3.0,1687961547
168,213,3.0,1638499846
168,226,2.5,1630317689
168,298,2.0,1651639439
168,204,1.0,1615087236
169,297,2.0,1613654808
169,131,2.5,1637824471
169,127,3.0,1647957055
169,137,2.0,1610239462
169,20,4.0,1682637421
169,286,3.5,1644791783
169,73,3.5,1615884798
169,222,4.0,1648384619
169,112,2.5,1611382241
169,185,2.0,1605817913
169,118,2.0,1681135473
169,115,4.0,1620280697
169,298,2.5,1623899852
169,103,3.0,1657529530
169,35,2.5,1671199906
169,46,1.0,1644942009
169,294,3.0,1680478491
169,146,2.0,1624342463
169,237,3.5,1657075357
169,133,1.0,1620162191
169,263,4.0,1689559917
169,66,3.0,1640475203
169,47,4.0,1683853635
169,54,2.0,1638521233
169,78,2.0,1646759534
169,231,3.0,1613948250
169,280,2.5,1636385523
169,278,3.5,1667008305
169,155,4.0,1688816127
169,234,3.0,1649541440
169,265,3.0,1635621515
169,44,2.0,1610250139
169,207,3.0,1600292428
169,272,2.5,1619950518
169,13,4.0,1688027250
169,7,4.0,1619674854
169,53,4.5,1642984033
169,64,4.0,1619834720
169,9,1.5,1652425387
169,71,2.0,1659954440
169,151,3.0,1664214057
169,183,4.0,1609034683
169,217,1.5,1615188619
169,72,2.0,1677556758
169,227,3.5,1657371791
169,147,5.0,1637376435
169,257,2.0,1619416986
169,104,3.0,1612139593
170,93,2.0,1647326346
170,114,3.5,1642857838
170,156,3.0,1666331270
170,196,1.5,1656885777
170,149,4.0,1664597455
170,48,3.5,1655558669
170,68,4.0,1680764593
170,115,3.5,1685443567
170,101,2.0,1644756934
170,75,2.5,1618551745
170,65,2.0,1687772249
170,120,3.0,1633005229
170,60,3.5,1651430248
170,258,3.5,1656191544
170,295,1.5,1673731067
170,247,3.0,1666719940
170,151,2.0,1672309430
170,283,3.5,1671641483
170,275,4.0,1666115841
170,67,3.5,1671467508
170,137,3.5,1671969231
170,183,2.5,1630885447
170,300,3.5,1651623796
170,221,2.0,1611222980
170,220,2.0,1677975659
170,72,2.5,1656618508
170,199,3.5,1670725487
170,84,1.5,1677561262
170,105,2.5,1629438509
170,146,2.5,1611710526
170,231,1.5,1631567079
170,297,2.5,1648547818
170,69,1.0,1600384682
170,272,2.0,1627283734
170,19,1.5,1602302458
170,216,2.5,1648640295
170,286,3.0,1674943752
170,56,3.0,1663609317
170,98,4.0,1617930505
170,22,2.0,1614784930
170,113,3.5,1607996341
170,288,3.0,1646888632
170,104,3.0,1648433612
170,88,4.5,1618703143
170,251,2.0,1639553600
170,122,3.5,1661792283
170,138,2.0,1619346175
170,73,1.0,1674021128
170,241,2.5,1656515994
170,91,4.0,1632547451
170,62,1.5,1628284690
170,235,1.5,1630143583
170,141,3.0,1607498162
170,85,2.5,1618495379
170,186,4.0,1615735123
170,285,2.0,1619203413
170,171,4.0,1650661928
170,166,3.0,1603536218
170,198,3.5,1657003442
170,148,3.0,1649886613
170,256,2.5,1607258943
170,33,2.5,1614228398
170,214,3.0,1688952439
170,284,2.0,1678061980
170,51,3.0,1609901281
170,193,4.0,1663998578
170,77,3.5,1679715350
170,23,2.5,1621229647
170,244,3.5,1604051460
171,48,3.5,1610602300
171,86,2.5,1632889491
171,188,3.5,1610343529
171,263,1.5,1601674728
171,113,2.0,1676394469
171,135,3.5,1655900995
171,63,2.0,1620094705
171,158,2.5,1624484603
171,146,3.0,1663050755
171,289,2.5,1618805567
171,153,2.5,1670793145
171,247,3.0,1640199242
171,143,2.5,1663107095
171,252,4.0,1655233612
171,69,3.0,1645276604
171,183,2.5,1659589132
171,201,2.0,1686549919
171,170,2.0,1601772938
171,131,1.0,1638489493
171,95,2.5,1614933959
171,229,2.5,1620922844
171,109,2.0,1608053170
171,164,2.5,1686228754
171,214,2.0,1604310953
171,281,3.0,1681090807
171,138,2.5,1623297540
171,154,5.0,1667551168
171,228,4.5,1621521650
171,14,2.5,1601458621
171,80,3.0,1653202657
171,58,1.0,1656857416
171,47,4.0,1660974645
171,102,2.0,1674377548
171,34,2.0,1634635469
171,280,2.0,1676781282
171,72,2.5,1667360178
171,223,2.0,1641075182
171,239,3.5,1630509683
172,188,1.0,1612339511
172,250,3.5,1669994685
172,280,3.0,1650675282
172,66,4.0,1616795114
172,167,3.5,1628435937
172,298,3.0,1653741103
172,169,2.0,1683086647
172,7,2.0,1607515766
172,243,4.5,1629381121
172,77,3.0,1652652401
172,86,2.5,1624654960
172,123,3.5,1675067208
172,299,2.0,1681212919
172,122,3.5,1610362848
172,171,2.0,1662872428
172,121,2.5,1664077726
172,19,2.5,1642035604
172,100,2.0,1687603904
172,67,3.0,1686153129
172,3,1.0,1654371584
172,152,3.5,1651065827
172,134,2.0,1622122351
172,48,3.0,1607337905
172,156,4.0,1649858951
172,72,2.5,1686791517
172,96,4.0,1656938098
172,9,1.5,1626136297
172,85,2.0,1636227990
172,8,2.5,1614549320
172,179,4.0,1614012339
172,262,2.5,1610443290
172,42,3.5,1648680988
172,29,4.0,1680958813
172,148,4.0,1645026244
172,61,4.5,1603764654
172,17,2.0,1632149161
172,248,1.5,1637877173
172,244,5.0,1621845331
172,43,3.0,1672688015
172,220,3.5,1614289429
172,13,2.0,1608766990
172,92,2.0,1628442071
172,53,3.5,1680142849
172,295,2.5,1601473309
172,84,2.5,1641489399
172,203,1.5,1625198547
172,95,2.5,1674046763
172,247,3.0,1627075194
172,57,3.0,1685683115
172,199,4.5,1604344197
172,6,3.5,1632257238
172,47,3.0,1636127119
172,285,2.0,1611413788
172,263,3.0,1676520583
173,37,3.0,1606131148
173,222,3.0,1606449014
173,131,3.0,1642222252
173,43,2.0,1612510559
173,223,2.5,1641420243
173,151,2.0,1601137995
173,127,4.0,1647868637
173,33,4.0,1637903378
173,110,2.0,1653436961
173,8,2.5,1667137866
173,236,4.0,1626156848
173,256,3.5,1642207776
173,167,3.0,1652430988
173,234,2.5,1647759672
173,78,2.5,1617383462
173,205,2.5,1613070100
173,115,4.5,1644468774
173,276,3.0,1654665076
173,124,4.0,1667589149
173,135,2.0,1613556377
173,218,3.0,1667401071
173,116,2.0,1620157712
173,118,3.0,1603178988
173,86,5.0,1678809362
173,63,3.5,1651286168
173,228,3.0,1664015552
173,185,3.0,1678699665
173,92,2.0,1605020855
173,14,3.5,1638939164
173,263,5.0,1621638985
173,197,3.5,1620339060
173,54,3.0,1662157065
173,215,3.5,1610570029
173,160,1.5,1684013952
173,100,4.5,1612521287
173,285,3.5,1631080809
173,268,3.0,1628943676
173,129,4.0,1687807942
173,187,3.0,1618906261
173,207,2.0,1621615365
173,98,4.5,1667326285
173,243,2.5,1669296719
173,132,2.5,1681703555
173,88,3.5,1687428745
173,235,3.5,1670234403
173,85,2.5,1645823984
173,107,3.5,1660059776
173,104,3.0,1617609040
173,75,3.0,1645502589
173,102,1.5,1639036097
173,166,3.0,1648360842
173,111,2.0,1683680829
173,141,2.0,1657834613
173,295,3.5,1605370440
173,13,2.5,1652027391
173,262,4.0,1632092885
173,249,4.0,1628027431
173,237,3.5,1681924787
173,7,1.5,1681453658
173,133,4.5,1610066099
173,23,2.5,1620454970
173,227,4.5,1676088145
173,203,2.5,1684260499
173,284,2.5,1666776383
173,220,1.5,1613073617
173,83,3.0,1602005448
173,224,3.5,1619142470
173,191,2.5,1641546065
173,69,3.5,1673435357
173,162,4.0,1611699448
173,53,2.5,1666962870
173,206,2.0,1612631766
173,5,2.0,1661043277
173,137,3.5,1642106611
173,71,3.5,1622779115
173,212,2.5,1639675858
173,126,3.0,1621672470
173,60,2.5,1609148527
173,38,3.0,1637596710
173,173,2.5,1677378080
173,154,2.5,1648765094
174,253,3.0,1661839630
174,239,4.5,1634620670
174,56,2.5,1663520009
174,106,3.0,1634363268
174,32,2.0,1659330327
174,216,2.0,1687280725
174,133,3.0,1618850509
174,250,3.5,1616638464
174,264,3.0,1676334111
174,282,3.5,1665533013
174,206,3.0,1605314034
174,281,4.0,1648784400
174,50,3.5,1638470165
174,83,3.0,1653813150
174,94,4.0,1654899510
174,44,2.5,1683172511
174,91,2.5,1617311971
174,161,3.0,1659166889
174,263,2.5,1649221971
174,157,3.0,1668783800
174,208,4.5,1683836675
174,129,2.5,1642096774
174,245,1.0,1650154896
174,189,4.0,1611205911
174,257,3.0,1655457991
174,296,3.0,1667906443
174,26,3.0,1660410362
174,217,3.5,1635276100
174,134,4.0,1605727818
174,210,2.5,1683297363
174,287,3.5,1686418337
174,166,3.0,1607658285
174,46,5.0,1632858752
174,252,3.5,1675269356
174,172,2.5,1601066084
174,295,2.0,1620744991
174,193,1.0,1614132859
174,249,3.0,1639011805
174,289,3.5,1650441933
174,103,3.0,1621234023
174,234,1.0,1676522053
174,120,1.5,1653590510
175,53,3.5,1662045979
175,231,3.5,1689811868
175,290,4.0,1612549776
175,94,2.5,1646833660
175,77,3.5,1662529032
175,109,4.0,1662879488
175,248,2.0,1686232807
175,61,2.0,1671822020
175,112,3.5,1662391513
175,111,2.0,1614645711
175,39,3.0,1611518907
175,110,3.5,1624195880
175,294,1.5,1614542266
175,26,2.0,1653277039
175,281,1.0,1658131630
175,238,2.0,1626772544
175,25,2.0,1653891165
175,56,2.0,1644120137
175,276,2.5,1608653222
175,164,1.0,1642585253
175,168,2.0,1645959309
175,209,4.5,1681117090
175,15,3.0,1665269412
175,126,2.0,1628539411
175,242,2.0,1663917095
175,204,3.0,1615344634
175,279,2.5,1637362868
175,138,1.5,1661012513
175,143,2.0,1605138168
175,42,1.5,1673159563
175,101,3.0,1620903218
175,65,3.0,1663077976
175,51,3.0,1619530531
175,73,3.5,1685928388
175,187,2.5,1628651477
175,6,1.5,1642974720
175,200,1.5,1676263395
175,222,3.0,1604204135
175,95,3.5,1680675244
175,201,1.5,1651040965
175,121,3.0,1608375220
175,218,4.0,1648518736
175,275,3.5,1657728351
175,155,4.0,1663539966
175,226,1.5,1628644859
175,247,4.0,1607258161
175,198,3.0,1628386094
175,283,4.0,1603079321
175,129,3.0,1656763408
175,128,3.0,1636218400
175,183,3.0,1633832435
175,67,3.5,1685320504
175,87,3.0,1623636496
175,2,2.0,1611219432
175,211,2.5,1619023738
175,78,3.0,1609295792
175,260,2.5,1636762949
175,176,2.5,1654367371
175,266,3.0,1610966811
175,225,1.5,1640042087
175,157,3.5,1660588691
175,175,1.0,1656334114
175,213,2.5,1670434503
175,135,4.0,1628736673
175,267,2.5,1689878149
175,122,2.0,1634822417
175,232,3.5,1624706569
175,44,2.0,1607213167
175,12,4.0,1612407255
176,192,2.5,1622083283
176,231,4.0,1626656353
176,240,3.5,1646879065
176,92,3.5,1656250794
176,134,3.5,1664642647
176,105,3.0,1663820451
176,58,2.5,1671874437
176,188,1.0,1621567333
176,297,3.5,1658624154
176,159,1.0,1647606004
176,135,3.5,1676546634
176,113,2.0,1652229213
176,79,2.5,1601332984
176,141,2.0,1675283856
176,42,2.0,1680145249
176,142,1.0,1626650269
176,176,1.5,1610443308
176,191,4.0,1689652407
176,263,2.5,1677643527
176,300,1.5,1682746890
176,164,3.5,1619410197
176,230,1.0,1643450650
176,259,2.5,1689129018
176,68,3.0,1642481963
176,166,4.0,1601904117
176,106,2.0,1620200610
176,266,3.5,1661560177
176,232,3.5,1619795314
176,19,1.0,1667034462
176,228,4.0,1642467541
176,157,2.5,1615248056
176,102,3.0,1654544291
176,251,2.0,1635272780
176,78,2.5,1669886056
176,267,2.5,1600493503
176,169,4.0,1660473000
176,268,3.0,1616873477
176,271,3.0,1685133372
176,262,1.5,1660307870
176,194,3.5,1685753906
176,131,3.5,1677628449
176,34,3.0,1613078988
176,62,2.5,1604897064
176,201,3.0,1629343051
176,50,2.5,1625186888
176,222,2.5,1656395082
176,129,4.0,1673294452
176,196,2.5,1622293702
176,165,4.5,1680657252
176,217,4.0,1650674785
176,199,3.5,1629009455
176,258,2.0,1646719252
176,294,2.0,1628153923
176,33,1.5,1625656926
176,120,3.5,1677421674
176,118,5.0,1601928845
176,98,3.0,1649694974
176,87,3.0,1648827665
177,199,2.0,1667388734
177,106,2.0,1616743037
177,111,1.5,1666992183
177,235,3.0,1687095450
177,82,2.5,1661202946
177,236,2.0,1655573350
177,223,3.5,1655081185
177,110,3.0,1647208264
177,280,2.5,1647272989
177,154,1.5,1672808690
177,93,3.0,1657156511
177,30,4.0,1670218664
177,166,4.0,1645073885
177,179,2.5,1615217605
177,284,4.0,1623597329
177,188,2.0,1661582256
177,49,3.0,1657496675
177,134,4.0,1650079518
177,216,1.5,1623742466
177,210,2.0,1674189328
177,233,3.5,1679845027
177,38,3.0,1621831471
177,204,2.0,1672848400
177,130,4.0,1658502308
177,297,3.0,1651212562
177,167,2.0,1638255801
177,243,3.0,1688530765
177,127,2.5,1658719406
177,15,3.0,1685108432
177,39,3.0,1638016951
177,98,2.5,1683265522
177,117,3.0,1613317762
177,193,3.0,1611760181
177,143,3.0,1613933416
177,138,3.0,1612031000
177,84,2.5,1687191136
177,96,2.5,1602204726
177,281,2.0,1682713066
177,148,2.5,1655201022
177,296,4.5,1613915063
177,292,4.0,1666626341
177,184,3.0,1683728466
177,113,3.0,1673112925
177,163,3.5,1613381785
177,45,3.0,1685030306
177,285,3.0,1659606543
177,112,3.5,1667560039
177,215,3.5,1678011850
177,260,2.5,1604380267
177,55,2.5,1689618537
177,85,4.0,1638910317
177,268,1.0,1656457460
177,245,3.5,1628436861
177,37,2.5,1629914362
177,170,2.5,1661019389
177,241,2.5,1674032876
177,238,1.0,1651147669
177,40,2.5,1615368078
177,209,3.5,1626247650
178,112,2.5,1655423162
178,175,3.0,1686551565
178,82,2.0,1653124525
178,10,3.5,1601020743
178,53,2.0,1650283839
178,215,2.0,1630056261
178,209,3.0,1668123659
178,220,2.0,1638064741
178,60,1.0,1635917890
178,105,2.0,1688406780
178,85,4.0,1635500464
178,292,1.5,1641258084
178,86,1.5,1655662309
178,83,3.0,1632420888
178,27,1.5,1600558017
178,13,4.5,1655640853
178,229,3.5,1604385512
178,131,1.0,1602084410
178,121,2.5,1603522788
178,227,2.5,1620585690
178,148,2.5,1650251887
178,95,2.5,1669654067
178,118,2.5,1680523345
178,261,3.0,1642610231
178,151,3.0,1644975010
178,35,1.5,1622872143
178,194,2.5,1676797698
178,144,2.5,1657716265
178,154,3.0,1632458022
178,49,4.0,1674590103
178,299,2.5,1652527771
178,244,4.0,1625858441
178,93,2.0,1682714079
178,166,3.5,1686494515
178,184,3.0,1652790213
178,55,1.5,1606923083
178,147,3.0,1677558199
178,18,1.5,1657593155
178,33,3.5,1617296700
178,66,2.5,1685399182
178,127,5.0,1652400170
178,126,3.5,1623315937
178,73,3.5,1654105718
178,179,2.5,1642698007
178,3,3.5,1669427754
178,251,3.0,1621265947
178,46,1.0,1658707047
178,264,2.0,1631000202
178,74,2.0,1613365122
178,80,3.0,1616955763
178,140,2.5,1667680235
178,79,3.0,1615887718
178,168,3.5,1684750585
178,115,4.0,1677434736
178,283,3.5,1652614983
178,39,2.0,1684197247
178,262,2.0,1634927495
178,203,3.5,1674209721
178,252,3.0,1621347754
178,210,1.5,1643272417
178,241,3.0,1627348550
178,108,3.0,1612516397
178,221,3.0,1612517871
178,200,1.5,1603441373
178,11,3.5,1658709658
178,159,3.0,1601548620
178,137,3.0,1684408740
178,91,3.0,1679629793
178,101,2.5,1620541837
178,158,2.5,1603733713
178,5,2.5,1682959929
178,290,3.0,1672970485
178,72,3.0,1610572666
178,226,3.0,1676744869
178,141,3.5,1651325510
178,29,2.5,1603394349
178,54,3.0,1617521857
178,164,2.5,1660895423
178,243,2.0,1685156202
179,61,4.0,1687580116
179,228,4.0,1629763482
179,58,1.5,1639852264
179,124,1.5,1626015276
179,263,4.5,1671862482
179,83,3.0,1632917490
179,257,4.0,1650748656
179,121,2.5,1634960996
179,115,1.0,1688484070
179,47,3.5,1606945615
179,230,3.0,1636905154
179,143,4.0,1611135154
179,95,2.0,1619296419
179,209,3.0,1684213304
179,166,3.5,1603105908
179,39,2.0,1685682794
179,240,2.5,1677759654
179,48,2.5,1613880694
179,244,2.0,1614888976
179,90,3.0,1661623079
179,162,3.5,1679979598
179,172,3.0,1616466411
179,4,2.5,1614371585
179,44,2.5,1619036823
179,72,3.5,1637911547
179,92,2.5,1635164329
179,103,4.5,1624243439
179,122,2.0,1612452337
179,63,2.5,1610385959
179,246,3.0,1666336447
179,118,3.0,1648505926
179,33,2.5,1627913590
179,14,2.5,1652452316
179,255,2.0,1613511929
179,267,1.0,1665905864
179,195,2.5,1602947014
179,127,2.5,1655531931
179,171,2.5,1609875199
179,280,1.5,1665299245
179,291,3.0,1683977718
179,184,3.0,1610242515
179,23,2.5,1628225447
179,198,2.0,1656358979
179,300,3.0,1650365788
179,110,2.5,1642088657
179,17,3.5,1685033882
179,75,1.5,1660515891
179,96,3.0,1621622965
179,252,3.5,1624133211
179,132,4.0,1640098215
180,117,1.5,1688538924
180,274,1.5,1676140891
180,95,2.5,1684720028
180,200,2.5,1681423836
180,164,1.5,1604221211
180,184,3.0,1615731275
180,292,1.5,1646011239
180,18,2.0,1646544523
180,119,3.0,1664949433
180,220,3.0,1682410355
180,182,2.5,1680529679
180,233,2.5,1673347676
180,31,2.0,1600673042
180,30,2.0,1621258513
180,133,2.5,1670027905
180,12,3.5,1634158548
180,108,1.5,1616320018
180,37,1.0,1625883252
180,137,3.0,1681350811
180,111,4.0,1603966837
180,224,2.5,1671934552
180,92,2.5,1603092131
180,162,2.5,1669524101
180,17,2.0,1668685213
180,203,3.5,1620447536
180,185,2.5,1629032170
180,45,3.5,1648974793
180,250,2.5,1615406645
180,34,2.5,1629119581
180,176,2.0,1603959103
180,300,3.5,1643961638
180,262,2.5,1618597882
180,39,2.5,1629495837
180,218,4.0,1611199497
180,36,3.0,1616989313
180,284,2.5,1635915393
180,82,3.5,1636730893
180,53,3.0,1664635885
180,130,2.0,1626741208
180,195,2.0,1612343983
180,259,3.0,1646782042
180,136,2.0,1674020689
181,57,2.5,1658527249
181,117,2.0,1668807596
181,23,3.0,1653679326
181,277,2.0,1625911301
181,9,2.5,1633566934
181,120,3.0,1623214233
181,47,4.0,1626558526
181,94,2.0,1637726289
181,125,2.5,1652724203
181,35,3.5,1613810279
181,46,4.0,1678335942
181,83,2.5,1678863503
181,281,3.0,1641820248
181,237,3.0,1622233584
181,145,3.5,1627626276
181,52,3.5,1665475674
181,174,2.5,1658179582
181,130,3.0,1659882277
181,210,5.0,1656873060
181,109,3.0,1680038028
181,90,2.0,1636463456
181,192,1.5,1642781724
181,123,2.5,1683605694
181,45,3.0,1614436339
181,284,3.5,1681509842
181,16,2.5,1651411543
181,13,1.5,1657621412
181,154,3.5,1626806068
181,7,3.5,1676120515
181,73,4.0,1647367517
181,43,5.0,1650192126
181,67,2.0,1684919350
181,263,2.5,1608625670
181,217,4.5,1660317901
181,44,4.5,1622447787
181,238,3.5,1604531191
181,289,2.0,1668633149
181,232,3.0,1633965629
181,177,4.5,1678768256
181,271,3.0,1655003534
181,102,3.0,1639389352
181,294,2.5,1681051682
181,15,2.0,1686583583
181,222,3.5,1671202261
181,138,2.5,1647278642
181,132,4.0,1653459816
181,135,2.0,1604018472
181,265,2.0,1615388056
181,11,2.5,1624146337
181,253,3.5,1643309532
181,173,1.5,1657631320
181,290,2.0,1624953074
181,244,2.5,1648015656
181,49,4.0,1632926044
181,152,2.0,1609749620
181,41,3.5,1628881529
181,268,3.5,1688174955
181,156,3.5,1649883400
181,55,3.0,1649924201
181,87,1.5,1619466895
181,32,2.5,1642205153
181,14,3.5,1616415312
181,133,2.5,1601292919
181,77,2.5,1642760310
181,167,3.5,1601463110
181,134,4.0,1644140102
181,40,4.0,1628692049
181,261,4.0,1662461793
181,283,2.5,1676164433
181,10,3.0,1643159218
181,157,3.0,1631225585
181,201,3.0,1675382123
181,260,2.5,1608889930
181,166,3.0,1651753132
181,1,4.5,1638066060
181,31,2.5,1680772485
181,17,2.0,1628477668
181,107,4.5,1670767956
181,153,5.0,1629187446
181,247,3.0,1613813714
181,80,2.5,1675290602
181,2,3.0,1637319033
181,188,3.5,1681591543
182,16,2.5,1658412302
182,85,3.0,1642652151
182,122,2.0,1642965968
182,88,2.0,1626595298
182,10,3.0,1626457435
182,218,3.5,1606665217
182,123,4.0,1666294734
182,180,1.0,1666927800
182,159,2.0,1606280294
182,90,2.0,1636831418
182,76,1.5,1656537506
182,77,3.0,1616006675
182,239,2.5,1616655437
182,207,1.5,1660771788
182,271,4.0,1622969985
182,101,4.0,1680722659
182,67,2.0,1643872387
182,161,3.0,1679345641
182,83,4.0,1651386266
182,242,3.0,1631732012
182,82,2.5,1677364953
182,14,2.5,1602854636
182,259,4.5,1638257007
182,50,3.0,1602393947
182,1,2.0,1686391469
182,280,3.5,1677277029
182,243,3.5,1600623711
182,17,1.5,1661977968
182,133,3.0,1638166934
182,249,3.5,1617590313
182,269,4.0,1654064349
182,32,3.0,1604967155
182,279,2.5,1671600729
182,73,4.5,1670801688
182,105,3.5,1605250630
182,189,4.5,1645283701
182,274,2.5,1686540325
182,223,2.0,1602184030
182,131,4.0,1609321973
182,5,2.0,1663068018
182,295,2.5,1612766765
182,166,3.5,1655710942
182,97,3.5,1640399304
182,8,3.0,1636866059
182,156,3.5,1642572475
182,217,2.0,1646415774
182,107,3.0,1653733308
182,162,3.0,1610706173
182,154,2.5,1674685481
182,37,1.5,1642033591
182,23,2.0,1666279210
182,157,3.5,1682184286
182,232,3.0,1606318000
182,287,3.0,1652791522
182,202,2.5,1640056450
182,70,3.0,1661012928
182,143,3.0,1666214520
182,197,2.5,1686046600
182,226,5.0,1616295769
182,11,2.5,1650184824
182,297,5.0,1682943469
182,298,3.0,1613790014
182,278,3.0,1603930993
182,296,1.5,1630066698
182,7,4.5,1606420202
182,41,2.0,1601395331
182,36,5.0,1618620619
182,40,2.5,1614111073
182,245,3.0,1643333406
182,168,3.0,1658476310
182,186,2.0,1630379009
182,215,2.5,1622842710
182,12,3.5,1611813404
183,141,3.5,1672149862
183,220,2.0,1600663217
183,145,3.0,1607045220
183,71,3.5,1634854691
183,65,2.5,1605781587
183,16,1.5,1614871807
183,165,2.5,1606442905
183,103,2.0,1640841125
183,242,2.5,1610071990
183,153,3.5,1635396856
183,73,3.0,1644201786
183,204,1.5,1682241997
183,217,2.5,1650943206
183,203,3.0,1636226982
183,17,3.5,1622862463
183,298,2.5,1618490280
183,50,4.0,1678309763
183,210,2.5,1661833270
183,159,2.0,1616092896
183,85,2.0,1616950183
183,28,2.5,1642860106
183,51,3.5,1619864422
183,126,2.0,1678400641
183,195,2.5,1655471370
183,197,2.0,1685483760
183,276,3.5,1659965761
183,104,4.0,1689689017
183,123,3.5,1616424667
183,208,1.0,1670029938
183,49,3.5,1670811787
183,67,2.0,1632282510
183,252,2.0,1677562374
183,158,2.5,1664146251
183,229,2.5,1688754019
183,74,2.5,1665780623
183,32,2.0,1637653656
183,83,2.5,1643206211
183,139,2.5,1664787744
183,185,1.5,1630310459
183,100,3.0,1612321103
183,6,2.5,1635408251
183,262,3.0,1639759879
183,27,2.0,1611112459
183,190,2.5,1647380159
183,261,2.0,1674962645
183,224,2.0,1632531190
183,33,2.0,1688514011
183,30,2.5,1686856891
183,235,2.5,1627634253
183,236,3.5,1610471228
183,142,1.5,1610085710
183,273,3.0,1666384860
183,66,4.0,1608088890
183,22,2.0,1628517975
183,21,3.0,1601762024
183,232,3.5,1689992846
183,4,3.5,1629009211
183,82,2.5,1662834081
183,299,3.5,1651681908
183,192,3.5,1625221850
183,222,3.5,1665450681
183,144,3.0,1614030412
183,295,3.5,1645694444
183,266,2.5,1628006066
183,162,3.0,1679258668
183,69,1.0,1670819264
183,93,2.5,1668978156
184,227,2.5,1687951446
184,40,3.0,1620669385
184,273,1.5,1667714375
184,58,2.5,1614181508
184,62,3.5,1617456426
184,266,2.5,1629364802
184,269,2.5,1648807442
184,203,2.0,1651751100
184,117,4.0,1660724380
184,134,3.5,1683279154
184,137,2.5,1668915977
184,79,2.5,1627248980
184,240,3.0,1653714593
184,179,2.5,1625226688
184,180,4.0,1609212612
184,3,1.5,1637290843
184,194,3.0,1656786713
184,279,1.0,1622038057
184,28,1.0,1641224542
184,34,2.0,1677476147
184,89,1.0,1687024488
184,100,4.0,1613698845
184,136,2.5,1619768893
184,138,4.5,1661868214
184,67,3.5,1614384568
184,222,3.0,1614790683
184,234,2.5,1632287747
184,42,2.0,1602226394
184,164,4.0,1661853813
184,183,1.5,1625102710
184,59,3.0,1635803474
184,199,2.5,1603836781
184,115,2.5,1663919907
184,63,5.0,1688836768
184,18,2.5,1671254233
184,196,4.0,1660752435
184,150,2.5,1647238845
184,181,5.0,1635645373
184,99,3.0,1615881472
184,78,4.0,1673860588
184,215,5.0,1611283250
184,39,2.0,1647570364
184,191,2.5,1657911411
184,85,3.5,1628463020
184,300,2.0,1620215880
184,193,3.0,1653274774
184,213,2.0,1667402853
184,263,4.5,1657827496
184,72,3.5,1668172784
184,52,2.5,1644793758
184,20,2.5,1607134621
184,175,2.5,1659235732
184,91,2.5,1636586258
184,87,3.5,1649631122
184,155,3.0,1613128198
184,13,3.0,1606594707
184,230,3.0,1687056537
184,293,3.5,1651341304
184,7,2.5,1656718851
184,209,2.5,1626029062
184,235,4.5,1639460803
184,154,2.0,1625427499
184,298,3.5,1654048419
184,84,4.5,1623708904
184,51,3.5,1679731929
184,184,2.0,1637034120
184,55,3.0,1671076709
184,122,3.5,1681530308
184,160,4.5,1666252048
184,147,1.5,1669607791
184,249,2.5,1658192155
184,53,2.5,1614654503
184,270,5.0,1606693632
184,105,1.5,1686750938
184,248,2.0,1633412730
184,49,4.5,1614909280
184,141,2.0,1629471497
184,15,1.5,1615460259
185,183,2.5,1677206131
185,169,2.0,1635725839
185,263,2.5,1632046782
185,209,3.0,1608837886
185,166,1.5,1671421511
185,185,2.0,1613560284
185,108,3.5,1636971545
185,182,2.0,1630395619
185,14,4.5,1683244618
185,252,2.0,1654299043
185,123,1.5,1652601013
185,289,3.5,1652732189
185,127,4.0,1613596829
185,290,2.0,1629512907
185,7,4.5,1636006180
185,297,2.5,1666460815
185,23,3.5,1627609308
185,30,3.0,1622955139
185,32,2.5,1627323438
185,129,2.5,1646658526
185,148,3.5,1685483165
185,157,2.0,1638653705
185,100,2.0,1680035829
185,189,1.5,1638651837
186,167,2.5,1683499311
186,259,4.0,1663989419
186,233,2.5,1640979918
186,70,2.5,1632026965
186,21,2.5,1622848229
186,124,2.5,1642293683
186,197,4.0,1609322043
186,295,2.5,1622366774
186,172,1.5,1625144941
186,155,4.5,1644581131
186,107,2.5,1661098100
186,45,3.0,1619036590
186,294,4.5,1601709239
186,132,3.5,1689393218
186,141,3.0,1663699826
186,283,2.5,1657434792
186,262,1.5,1644835989
186,83,4.5,1602795332
186,249,2.5,1623825666
186,139,2.5,1635410956
186,82,2.5,1610331687
186,53,5.0,1622914336
186,246,3.5,1601306458
186,243,4.0,1679726022
186,164,2.0,1647263919
186,147,5.0,1663596407
186,35,2.5,1678270257
186,23,3.5,1600135086
186,128,3.5,1665539501
186,3,3.0,1633220287
186,166,3.5,1663427036
186,61,4.5,1614681540
186,75,2.5,1606063489
186,5,2.5,1602334156
186,87,3.0,1676137251
186,248,4.0,1639011532
186,182,3.5,1630640252
186,184,2.0,1670500436
186,31,5.0,1667531176
186,110,2.0,1622455261
186,127,4.0,1619674031
186,280,2.5,1612604400
186,156,2.5,1613420761
186,37,2.5,1640883024
186,88,1.5,1645053851
186,260,5.0,1660749138
186,115,3.5,1665855518
186,242,3.5,1647081034
186,41,5.0,1673244637
186,15,2.0,1634539524
186,144,3.5,1689041184
186,159,3.0,1665296027
186,93,1.0,1634029139
186,102,2.5,1648894086
186,236,3.0,1661572485
186,130,2.5,1601820133
186,46,2.5,1647328711
186,89,2.0,1640417525
186,289,2.0,1644793672
186,18,2.5,1669502107
186,91,4.0,1689112118
186,241,2.0,1679959344
186,11,3.0,1665009006
186,238,3.5,1615134534
186,138,1.5,1636230390
186,56,4.5,1669700460
186,232,1.5,1685872544
186,148,2.5,1602781968
186,43,1.5,1619850853
186,73,1.5,1655072076
186,175,3.5,1629562206
186,293,3.0,1688498728
186,143,3.5,1619009676
186,36,5.0,1647941821
186,208,3.5,1666817911
186,168,3.5,1604147955
186,113,3.5,1632798491
186,196,4.0,1677522039
186,94,2.5,1657810328
186,282,5.0,1648240526
186,6,2.5,1627690126
186,219,3.0,1611982151
186,151,2.5,1626017047
186,2,2.5,1650704539
187,166,2.0,1660299910
187,128,3.0,1670720244
187,93,3.0,1623481693
187,287,1.5,1635609215
187,12,1.5,1646821190
187,45,3.5,1644452330
187,189,3.5,1652482651
187,154,2.5,1679074084
187,272,2.5,1656008290
187,91,2.5,1637077262
187,197,2.5,1641516670
187,151,3.0,1625578230
187,84,4.0,1605516345
187,153,3.0,1677781432
187,217,2.0,1669803651
187,31,2.5,1646073515
187,200,2.5,1682190565
187,46,1.5,1616503581
187,61,5.0,1658177965
187,135,2.5,1661072780
187,136,2.0,1676056143
187,27,2.5,1646573258
187,233,1.5,1638709538
187,219,2.0,1614789528
187,96,2.5,1601118688
187,265,2.5,1666964850
187,41,5.0,1619747600
187,8,3.0,1662588071
187,86,5.0,1620163227
187,100,3.0,1670220858
187,64,5.0,1638893851
187,199,2.5,1683724365
187,129,2.0,1674912396
187,206,2.0,1689163564
187,158,4.5,1621824718
187,247,4.0,1640754622
187,3,1.5,1665340518
187,223,3.5,1638689596
187,255,2.0,1608672678
187,244,5.0,1639557552
187,246,3.0,1602092776
187,14,4.5,1660915814
187,92,2.0,1605496631
187,43,4.0,1629168908
187,99,2.0,1637985938
187,87,3.0,1679600725
187,77,3.0,1616567268
187,168,4.0,1607139481
187,6,4.5,1665547434
187,162,4.0,1641046667
187,242,3.5,1600683201
187,227,2.5,1657756952
187,70,2.5,1647278935
187,258,1.5,1688617699
187,67,3.0,1600086129
187,22,4.0,1606697739
187,190,2.0,1633746828
187,294,2.0,1618484302
187,187,3.0,1647005495
187,139,2.0,1638019256
187,192,4.5,1667376391
187,155,1.0,1689298543
187,10,3.5,1675262472
187,276,5.0,1620808715
187,169,4.0,1611543189
187,2,2.0,1636328564
187,220,4.5,1619145387
187,125,2.0,1626404306
187,122,4.5,1657988874
187,210,3.0,1678547547
187,94,3.0,1610833778
187,80,3.5,1639030787
187,81,2.0,1629374592
187,184,2.0,1604313313
187,63,4.0,1663508844
187,140,3.0,1647597933
187,224,2.5,1633383774
187,102,3.0,1685502685
187,268,3.0,1651840367
187,66,2.0,1656715484
187,133,5.0,1653568120
187,241,3.0,1613171952
187,237,2.5,1635065845
187,49,3.5,1640536794
187,26,1.5,1680133190
187,234,3.0,1641706253
187,188,3.5,1623260196
187,47,5.0,1675686398
187,115,2.0,1658494269
188,11,2.5,1626777331
188,188,2.0,1633557176
188,28,1.5,1618212104
188,65,4.0,1655876491
188,174,2.5,1674394708
188,270,2.5,1626779547
188,30,2.5,1640407893
188,53,2.0,1640935883
188,255,2.5,1611488759
188,129,3.0,1639907513
188,193,1.5,1676056500
188,51,3.5,1684331525
188,50,2.5,1661895093
188,184,4.0,1673260153
188,148,4.5,1624611796
188,55,3.5,1650461294
188,242,4.0,1658638761
188,178,3.5,1612890579
188,284,3.0,1618603902
188,179,5.0,1670675216
188,291,2.5,1659310992
188,19,2.0,1642045107
188,97,3.0,1667620927
188,119,2.5,1647990755
188,181,3.5,1662864748
188,61,3.0,1647539093
188,209,1.5,1657400784
188,63,2.0,1662619624
188,261,3.5,1656439314
188,262,4.0,1655063980
188,219,4.0,1661912488
188,173,2.5,1603714198
188,217,4.0,1675015510
188,296,1.5,1603546316
188,39,2.5,1656494741
188,292,2.0,1611868737
188,189,2.5,1618869078
189,230,5.0,1677889556
189,278,3.0,1668747232
189,245,5.0,1650078131
189,81,1.0,1617082542
189,226,2.5,1683334410
189,205,2.0,1672916404
189,272,3.5,1675910137
189,214,4.0,1639371856
189,253,5.0,1607185483
189,180,2.5,1652701842
189,220,1.0,1616902822
189,217,4.5,1654081976
189,287,4.5,1689936512
189,95,3.5,1600798977
189,184,3.0,1662117013
189,32,3.5,1669525894
189,93,1.5,1661769783
189,29,3.5,1607294228
189,22,2.5,1611362751
189,193,2.5,1607340737
189,73,3.0,1636262253
189,20,3.5,1687225409
189,295,3.0,1614367862
189,138,2.5,1644759391
189,126,4.5,1679770922
189,79,2.5,1613072680
189,102,2.5,1639000574
189,56,3.0,1675892528
189,285,2.0,1664621527
189,243,4.0,1644467352
189,108,3.5,1608169131
189,286,2.0,1616299760
189,249,2.5,1678466030
189,10,3.0,1668561216
189,2,2.0,1607116259
189,244,2.5,1627523284
189,9,2.5,1669291785
189,85,2.5,1619347740
189,282,3.0,1675436973
189,172,3.0,1666478665
189,146,1.5,1618307667
189,211,3.0,1630003511
189,19,3.0,1685854802
189,294,4.0,1620773615
189,17,3.5,1640385068
189,198,2.5,1684320873
189,141,2.5,1641727060
189,1,2.0,1600865811
189,179,2.5,1665089577
189,57,3.5,1683706754
189,133,4.5,1626937481
190,195,2.0,1620538276
190,92,1.0,1681039410
190,35,2.0,1616244964
190,157,1.0,1669769403
190,28,4.5,1613000817
190,83,3.5,1633179439
190,4,3.5,1627419830
190,16,2.0,1613905899
190,91,2.5,1663584629
190,158,1.5,1603309323
190,146,1.5,1667887931
190,186,2.5,1659567958
190,245,2.0,1652440731
190,232,3.0,1607469640
190,69,3.0,1616349251
190,288,3.0,1640255085
190,254,3.5,1654298766
190,90,1.5,1664923735
190,280,1.5,1624701959
190,276,3.0,1631531482
191,21,3.0,1688336648
191,119,3.0,1682833614
191,230,2.5,1616535158
191,7,2.5,1658029531
191,45,2.5,1619628855
191,239,3.5,1685388938
191,114,2.5,1602906871
191,148,2.0,1624804490
191,27,2.0,1619016797
191,40,2.5,1688243507
191,50,2.5,1632303777
191,191,3.0,1622921098
191,102,1.5,1668654380
191,125,2.0,1673374285
191,179,4.0,1626890661
191,207,4.5,1663908898
191,104,3.5,1664487117
191,67,5.0,1638927998
191,130,3.0,1638849191
191,57,4.0,1689595102
191,141,2.5,1613424414
191,294,2.5,1679022539
191,240,3.5,1666164526
191,251,3.5,1649303460
191,65,3.5,1689617131
191,92,4.0,1636934215
191,161,1.0,1652504528
191,71,2.0,1651783989
191,147,3.5,1614406372
191,249,3.0,1662272153
191,23,3.5,1655954896
191,168,2.5,1657020114
191,226,2.5,1619886575
191,97,2.5,1603754158
191,246,2.5,1638040286
191,143,2.0,1661348545
191,18,3.5,1616123105
191,116,1.5,1675726861
191,94,3.5,1652268329
191,205,2.5,1601479031
191,269,4.0,1677918501
191,173,2.0,1640635970
191,182,3.0,1604574615
191,133,2.5,1686585062
191,35,5.0,1687298206
191,29,4.0,1688206742
191,81,3.0,1683198410
191,290,3.0,1659657013
191,8,2.5,1605721942
191,233,2.5,1647610634
191,46,3.0,1618697002
191,63,3.5,1662801428
191,85,4.5,1661518719
191,158,2.0,1637165431
191,103,4.5,1601224073
191,136,2.0,1621248616
191,277,3.0,1648016078
191,77,2.0,1667194545
191,110,3.5,1667539115
191,174,3.0,1628290431
191,214,3.5,1646819717
191,196,3.5,1670471776
191,142,2.5,1652428709
191,58,4.0,1668859755
191,195,3.0,1608424279
191,186,1.0,1623420574
191,276,2.5,1688035991
191,270,3.5,1620320928
191,152,3.5,1647226789
191,34,1.5,1688037888
191,86,3.0,1675584413
191,264,2.5,1645538877
191,13,2.5,1661670595
191,80,2.5,1618795756
191,187,2.0,1637358181
191,118,2.5,1688374850
192,247,4.5,1686588420
192,188,2.0,1664927109
192,74,2.0,1650536025
192,3,2.5,1663317523
192,77,2.0,1681314709
192,275,2.5,1688445699
192,105,1.0,1624209460
192,244,1.5,1677314639
192,95,4.5,1668045733
192,201,2.5,1688436745
192,61,4.0,1670522545
192,129,2.5,1634792727
192,112,3.5,1617370722
192,153,3.0,1643496826
192,259,4.0,1679034390
192,242,2.5,1677943552
192,106,2.5,1646720549
192,87,3.0,1678449352
192,23,2.0,1682876094
192,205,4.5,1654193609
192,44,3.5,1609069088
192,260,1.0,1606030286
192,116,2.0,1603962354
192,33,3.5,1621364734
192,53,3.5,1631098826
192,252,4.0,1612957438
192,290,2.0,1689289816
192,266,4.5,1614256665
193,48,2.5,1643440826
193,293,1.5,1631076043
193,165,2.5,1631758221
193,190,3.5,1614150817
193,200,3.5,1623353610
193,74,1.5,1651550809
193,27,4.0,1656378982
193,43,3.0,1608639582
193,163,2.5,1608311653
193,98,2.5,1682128314
193,132,3.0,1633619373
193,264,2.5,1615364411
193,153,2.0,1605022195
193,213,2.5,1609782015
193,232,1.0,1659260945
193,157,3.0,1650240663
193,275,3.0,1681407521
193,248,5.0,1684730853
193,41,3.0,1603953980
193,240,2.5,1623362909
193,276,4.0,1643105260
193,51,3.0,1614450015
193,21,2.0,1660332161
193,220,1.5,1650684499
193,281,4.0,1617880034
193,176,4.0,1685549812
193,25,3.5,1677011402
193,221,4.0,1674687900
193,167,3.0,1626807901
193,241,1.5,1626268818
193,171,2.5,1633889297
193,178,4.5,1665914731
193,257,3.5,1658722249
193,203,3.5,1638398260
193,110,2.5,1630265633
193,253,1.0,1627003632
193,72,2.5,1621755295
193,189,1.0,1658258950
193,286,3.0,1670938021
193,251,3.5,1625809507
193,126,3.5,1611545180
193,11,4.0,1678129206
193,108,2.5,1603253847
193,217,4.0,1684438474
193,231,3.5,1689745791
193,182,1.0,1612912566
193,204,1.0,1627318624
193,101,3.0,1604461288
193,175,3.0,1618865991
193,124,4.0,1600702802
193,131,2.5,1648259460
193,155,2.0,1654764506
193,174,4.0,1676275267
193,146,2.5,1673360838
193,26,2.0,1609658994
193,45,3.5,1645729498
193,206,2.0,1624871129
193,96,3.0,1686198970
193,5,3.5,1670887697
193,121,3.5,1666595544
193,195,3.5,1625519742
193,254,4.0,1627846793
193,47,5.0,1676553774
193,115,3.5,1663583349
193,214,3.0,1667222987
193,290,2.5,1647258874
193,14,4.0,1647846632
193,211,1.5,1683010827
193,234,1.0,1674987083
193,145,4.5,1618505072
193,44,2.5,1609013348
193,148,3.0,1658905216
193,183,4.0,1657379655
193,298,3.5,1683949256
193,135,2.5,1650481733
193,64,3.0,1609511690
193,17,2.5,1676390345
193,105,2.5,1610488284
193,194,3.5,1617071472
193,207,3.0,1669423699
194,196,1.5,1630947052
194,163,2.5,1606909395
194,24,3.0,1680730565
194,52,3.0,1672549785
194,168,2.0,1644415303
194,297,4.0,1603025600
194,50,3.0,1630067619
194,88,4.0,1638909246
194,261,2.5,1633739900
194,133,3.0,1652402145
194,2,3.0,1648037222
194,135,1.5,1609120472
194,262,2.0,1621188015
194,255,1.5,1638663966
194,136,3.5,1610036415
194,67,2.5,1671729149
194,148,4.0,1677222958
194,293,2.5,1632399944
194,27,2.0,1669492537
194,7,4.5,1682040231
194,119,3.5,1667115173
194,92,1.0,1641908052
194,164,3.0,1653582355
194,252,3.0,1683033115
194,73,2.5,1607603192
194,197,4.0,1673275043
194,201,4.0,1614881319
194,286,3.5,1678218402
194,245,3.0,1663213691
194,143,4.0,1635306385
194,116,1.0,1687675315
194,123,2.0,1604023583
194,127,3.5,1604331840
194,6,2.5,1645371664
194,231,3.5,1656560115
194,287,3.5,1635014869
194,215,2.5,1626912165
194,204,1.5,1644901365
194,78,3.0,1607971455
194,236,1.0,1618695003
194,284,3.0,1627411730
194,34,2.0,1673428820
194,165,4.0,1644239393
194,185,1.5,1689031467
194,60,2.5,1608365590
194,174,2.5,1631624005
194,155,2.5,1666243846
194,98,5.0,1609786069
194,265,2.5,1675679497
194,28,1.5,1681873043
194,144,3.0,1604746217
194,3,2.5,1646418606
194,128,3.0,1609497661
194,22,2.5,1655866810
194,115,3.0,1680282015
194,140,3.5,1682199318
194,131,2.0,1610817074
194,229,2.5,1674011044
194,75,3.0,1664259620
194,106,2.5,1617376441
194,139,1.5,1636307023
194,152,2.0,1605602379
194,295,2.5,1613966860
194,54,2.0,1604778162
194,276,3.0,1666652083
194,217,3.5,1668129491
194,41,3.5,1630231877
194,30,2.5,1687286750
194,55,2.0,1647010790
194,206,3.0,1657917038
194,149,2.0,1664101392
194,122,3.0,1640724121
194,241,2.0,1630568777
194,193,2.5,1602878065
194,31,3.0,1607429830
194,270,3.0,1603537149
194,237,3.5,1626330066
194,79,2.5,1671697212
194,258,2.5,1681623020
194,294,3.5,1650920647
194,292,3.5,1602428651
194,48,3.5,1674154752
194,19,4.5,1664716210
195,113,2.0,1616809078
195,191,2.5,1657675860
195,30,2.5,1657288633
195,233,4.5,1673758671
195,94,3.0,1618491234
195,122,2.5,1615513314
195,237,2.5,1658781037
195,185,2.5,1615836692
195,280,3.0,1682631573
195,283,3.5,1649353022
195,21,3.0,1647216333
195,101,1.0,1625990676
195,78,2.5,1646053543
195,66,3.5,1658589370
195,108,3.5,1607774227
195,208,3.0,1631966664
195,282,3.0,1631142999
195,82,3.0,1612346797
195,207,3.5,1679002900
195,292,3.5,1601348841
195,61,1.5,1630484320
195,9,1.5,1655440710
195,75,3.0,1671969904
195,255,2.5,1676242194
195,289,3.5,1606144449
195,140,3.0,1601999650
195,152,4.0,1633544016
195,261,2.0,1607634795
195,36,3.0,1610282645
195,102,3.0,1607604050
195,240,3.0,1617007519
195,267,3.5,1658861974
195,245,1.0,1624238846
195,275,3.5,1637929390
195,197,1.5,1605867922
195,53,2.0,1642161262
195,97,3.5,1646931572
195,271,1.5,1680854908
195,209,1.5,1687940656
195,41,3.0,1632781920
195,16,1.5,1639246971
195,165,3.5,1617410219
195,27,4.0,1681352565
195,286,3.0,1653394315
195,232,3.5,1664250209
195,164,1.0,1688259272
195,178,3.0,1616425076
195,111,1.5,1688126056
195,32,3.0,1610308436
195,272,2.0,1610251264
195,235,3.5,1633581121
195,288,2.0,1672966957
195,127,2.5,1627630190
195,157,2.0,1666428279
195,99,2.0,1647910133
195,141,2.0,1629566459
195,171,3.0,1659531177
195,65,2.5,1640630244
195,238,3.0,1649248998
195,95,2.5,1674008439
195,68,2.5,1639283302
195,139,3.0,1687730595
195,212,2.5,1632776746
195,196,1.5,1670711829
195,295,4.0,1635907973
195,274,2.0,1642796523
195,281,2.5,1672668051
195,69,2.0,1667571298
196,129,2.0,1655141186
196,127,1.5,1683466217
196,275,1.5,1665257692
196,227,3.0,1637551952
196,78,3.5,1610528854
196,270,2.0,1627320680
196,207,1.5,1618405476
196,110,3.5,1669926758
196,147,3.5,1630942008
196,262,1.0,1640928246
196,133,3.0,1674217795
196,11,3.0,1628289021
196,22,3.5,1616474964
196,25,3.5,1649981337
196,16,3.5,1619053714
196,184,2.0,1604814077
196,116,1.5,1631555291
196,122,3.0,1659093033
196,187,2.5,1687229186
196,50,3.0,1660903036
196,152,2.5,1615332850
196,39,4.0,1602857448
196,17,2.5,1666962229
196,69,2.5,1604530678
196,54,2.0,1636278860
196,144,2.0,1637308143
196,191,3.5,1678952257
196,63,3.5,1651563318
196,295,4.5,1640320729
196,46,1.5,1611340498
196,94,2.5,1608015488
196,41,2.5,1637459158
196,145,3.5,1681838954
196,154,2.0,1651531052
196,210,2.0,1666485758
196,124,1.5,1602529799
196,286,4.0,1651350116
196,245,1.0,1651628627
196,55,2.5,1659595320
196,192,4.5,1605961354
196,89,3.5,1630124961
196,276,3.5,1627612629
196,267,4.0,1650912405
196,115,2.5,1624753345
196,30,2.5,1688573727
196,198,2.5,1657859244
196,212,2.5,1671469858
196,68,2.0,1607014171
196,45,3.5,1688637717
196,224,2.0,1640956281
196,83,3.5,1604201833
196,223,1.5,1672685498
196,238,3.5,1646681534
196,43,4.0,1603488600
196,142,1.0,1681703604
196,181,4.0,1645126455
196,214,3.0,1635236547
196,209,3.5,1679317124
196,88,3.0,1629064063
196,73,3.0,1603670202
196,99,3.0,1645760780
196,42,2.5,1683420414
196,234,2.5,1658260695
196,273,2.0,1657384680
197,105,4.5,1614657945
197,252,2.0,1674261885
197,150,5.0,1652091317
197,24,3.5,1638576654
197,228,2.5,1671774457
197,6,3.0,1662210257
197,20,5.0,1656886173
197,84,2.5,1676853413
197,225,2.5,1676276344
197,78,4.0,1669647305
197,81,4.0,1634910126
197,107,2.5,1621816939
197,54,4.0,1651176016
197,51,3.5,1662724302
197,248,2.5,1631974274
197,165,2.5,1617699655
197,241,2.5,1602037883
197,15,4.5,1637674933
197,169,4.5,1636828381
197,28,3.0,1611480563
197,235,1.5,1633545387
197,163,3.0,1672853994
197,145,4.0,1639704948
197,259,2.5,1645302825
197,90,3.0,1676649413
197,115,3.0,1652962477
197,48,3.5,1605181637
198,16,1.0,1687648351
198,26,3.0,1681604268
198,227,3.0,1601656128
198,51,5.0,1616684124
198,146,4.0,1641190770
198,196,3.0,1676294869
198,193,2.5,1688687917
198,137,2.5,1643082466
198,170,1.5,1635502943
198,277,3.0,1623996035
198,77,5.0,1659566993
198,139,3.5,1662105800
198,263,3.0,1602317495
198,296,2.5,1659043624
198,165,2.5,1601190605
198,141,2.0,1662604450
198,192,3.0,1604966560
198,38,2.5,1648147073
198,115,2.5,1664452414
198,275,2.0,1685596429
198,205,2.5,1674706716
198,35,3.0,1629238325
198,256,2.0,1654842825
198,74,3.5,1607863123
198,114,2.5,1677788611
198,108,2.5,1610676603
198,22,2.5,1637103909
198,291,4.0,1681916907
198,120,2.0,1674014080
198,213,4.0,1642147927
198,162,3.5,1608595771
198,211,2.5,1659114791
198,221,1.5,1624132872
198,199,3.0,1634629107
198,247,2.0,1637063466
198,7,3.0,1634834976
198,112,4.5,1666428236
198,299,3.5,1617075512
198,232,2.5,1630523650
198,67,3.0,1684602558
198,281,3.0,1623420365
198,245,3.5,1619716823
198,270,2.5,1682939751
198,187,5.0,1688043897
198,259,2.0,1606654471
198,212,3.0,1631228768
198,233,2.5,1615360757
198,190,2.5,1687859036
198,27,1.5,1605167621
198,53,3.0,1624730353
198,242,3.5,1668010697
198,248,4.5,1659097257
199,182,3.0,1608162164
199,157,3.0,1634769739
199,173,3.0,1634553693
199,47,3.0,1602163344
199,205,3.0,1647423826
199,97,2.5,1672536810
199,251,3.0,1606003970
199,153,2.5,1680608327
199,67,2.5,1631500479
199,269,2.5,1646939919
199,15,3.0,1614651674
199,214,4.5,1610399074
199,250,4.0,1668040058
199,256,3.0,1659567530
199,12,3.0,1615191106
199,249,2.0,1668590026
199,180,3.0,1610395193
199,78,3.0,1631806744
199,73,3.0,1627386042
199,190,2.0,1643726665
199,292,2.5,1676553214
199,295,2.0,1649843009
199,99,2.0,1655830504
199,119,1.5,1609582229
199,124,2.5,1686152618
199,253,5.0,1657240549
199,160,1.0,1637994945
199,162,1.0,1619203803
199,60,2.5,1603314453
199,116,3.0,1643827529
199,141,2.5,1681465696
199,58,3.0,1648356895
199,6,3.5,1644961030
199,43,2.0,1654779294
199,46,4.0,1687507034
199,5,2.0,1650293477
199,172,4.5,1663174275
199,283,2.0,1639468472
199,289,2.5,1683472202
199,148,3.5,1604181876
199,1,3.5,1621516822
199,139,2.0,1649432646
199,9,3.0,1605987530
199,266,2.5,1639040263
199,79,1.5,1620141148
199,232,2.0,1679353203
199,287,2.5,1603427288
199,240,2.0,1614258231
199,70,2.5,1681743716
200,189,3.5,1668557897
200,55,3.0,1668207069
200,159,3.0,1678045796
200,11,2.0,1646177977
200,266,2.0,1628839191
200,162,2.0,1650847002
200,198,2.0,1678206824
200,54,4.0,1604375434
200,104,2.5,1688189010
200,294,2.5,1620142683
200,298,2.0,1651148988
200,93,2.0,1687135770
200,39,2.5,1610528705
200,113,2.5,1610376565
200,116,3.5,1630142752
200,85,2.0,1675887023
200,167,2.0,1667578073
200,197,2.0,1677099930
200,20,3.5,1684600705
200,226,3.5,1673582591
200,172,3.5,1656113763
200,143,5.0,1672338977
200,240,1.5,1616272875
200,89,3.0,1670834264
200,47,3.0,1606903019
200,177,1.5,1681483852
200,191,3.5,1663394946
200,115,1.0,1688476025
200,69,2.5,1670390228
200,148,1.5,1669838315
200,239,5.0,1659192355
200,57,3.5,1642538880
200,174,3.5,1636129093
200,77,3.5,1626175623
200,121,2.0,1677207907
200,169,4.5,1639334559
200,24,2.5,1632753017
200,107,1.5,1644115287
200,221,2.0,1632624751
200,243,2.0,1648582114
200,83,2.5,1630989625
200,13,2.5,1661179282
200,72,2.5,1642253938
200,230,3.0,1615490996
200,117,5.0,1632352710
200,262,2.5,1659727893
200,278,2.0,1655019311
200,246,4.5,1648570867
200,88,4.0,1610695820
200,282,3.0,1647242574
200,145,2.5,1675223282
200,42,3.0,1667866314
200,100,1.5,1610260108
200,268,1.5,1648626679
200,131,3.5,1687688458
200,222,4.0,1664982119
200,14,1.0,1681231063
200,136,2.0,1630917031
200,34,2.0,1660259467
200,160,2.0,1656217126
